,Date,Adj Close,Volume,rsi6,macd,daily_trend
0,2016-11-17,97.645622,1344700,,,1.0
1,2016-11-18,99.578346,1914300,,,1.0
2,2016-11-21,100.05439,1408200,,,1.0
3,2016-11-22,100.273384,876300,,,-1.0
4,2016-11-23,100.063911,432300,,,-1.0
5,2016-11-25,99.149918,251900,55.53623440186023,,-1.0
6,2016-11-28,98.664352,453200,44.85945559545582,,1.0
7,2016-11-29,98.816681,1194200,48.58103550925997,,-1.0
8,2016-11-30,98.188309,434200,36.41532530178427,,-1.0
9,2016-12-01,95.198776,837900,14.987784560319255,,-1.0
10,2016-12-02,94.99884,701100,14.311926948490251,,1.0
11,2016-12-05,97.988373,818600,52.6354151589155,,-1.0
12,2016-12-06,97.788429,399900,50.811617563230286,,1.0
13,2016-12-07,98.588196,566600,57.82599048072645,,-1.0
14,2016-12-08,98.169273,478800,53.06910580371107,,-1.0
15,2016-12-09,97.740837,362500,48.20271221103728,,1.0
16,2016-12-12,97.969337,308500,51.07404807867334,,1.0
17,2016-12-13,99.625946,308400,66.99276956371932,,-1.0
18,2016-12-14,98.664352,390800,54.61515276284298,,1.0
19,2016-12-15,99.997276,655400,65.2841682220529,,1.0
20,2016-12-16,101.149292,865800,72.08911427221533,,1.0
21,2016-12-19,104.938576,1709400,84.2640979695254,,-1.0
22,2016-12-20,104.453018,810500,78.96731855871022,,1.0
23,2016-12-21,104.776718,659500,79.97436389809559,,-1.0
24,2016-12-22,104.710083,324200,79.03940333498036,,1.0
25,2016-12-23,105.424133,183900,81.77830116526067,1.878187514455135,1.0
26,2016-12-27,106.166779,308500,84.33316363551192,2.0621901410474663,-1.0
27,2016-12-28,105.471748,509900,72.86008019004134,2.124617143180515,1.0
28,2016-12-29,105.833542,754900,74.98583730835907,2.1796288155846923,1.0
29,2016-12-30,106.8237,858700,80.10380426795743,2.280852458458796,-1.0
30,2017-01-03,105.157555,874700,56.68485421661965,2.1945649711555006,-1.0
31,2017-01-04,104.652954,846200,51.24050553473488,2.059672404508717,1.0
32,2017-01-05,105.909706,493800,62.11533540428538,2.0358144402753737,-1.0
33,2017-01-06,105.795464,360200,60.63999280276583,1.9843498877817185,1.0
34,2017-01-09,107.099808,554800,70.30352718000917,2.0307023336880405,1.0
35,2017-01-10,107.252144,816100,71.29136681395488,2.056640297475738,1.0
36,2017-01-11,108.042381,419900,76.21620299560266,2.1197354736914638,1.0
37,2017-01-12,109.270569,713900,81.98116351571892,2.247917990969384,1.0
38,2017-01-13,109.775169,1474200,83.90465306947291,2.365008270990913,1.0
39,2017-01-17,110.355942,1381400,85.97273232877593,2.478455057093356,1.0
40,2017-01-18,117.077637,4392000,94.96241557886576,3.102284008517288,-1.0
41,2017-01-19,116.020836,1936700,84.71885182127016,3.4671382125273027,1.0
42,2017-01-20,116.201729,786900,85.05010041029075,3.728637953987814,1.0
43,2017-01-23,116.315971,1570600,85.29172767410594,3.9005973189043175,1.0
44,2017-01-24,116.677773,975100,86.14284446570063,4.021185854734583,1.0
45,2017-01-25,116.896744,649500,86.70174481007427,4.0881858317556095,-1.0
46,2017-01-26,115.325806,611200,64.35600276712626,3.9624655877492216,1.0
47,2017-01-27,115.935143,663500,68.17392262039462,3.869864649137412,-1.0
48,2017-01-30,115.878021,1161000,67.36222388706534,3.748426869323154,-1.0
49,2017-01-31,115.58287,1435700,62.73134773519966,3.585837088906601,-1.0
50,2017-02-01,115.497185,1324600,61.26398475906737,3.410407886712335,1.0
51,2017-02-02,116.858665,632800,73.21110455705845,3.3481723820107163,1.0
52,2017-02-03,117.11573,358300,74.96088160652373,3.282795341210189,-1.0
53,2017-02-06,116.373108,260700,61.121231807812016,3.1319410973783306,1.0
54,2017-02-07,117.353752,1117200,69.92110315204796,3.0602239764573085,1.0
55,2017-02-08,118.143967,853100,75.32227854010144,3.035371349223368,1.0
56,2017-02-09,118.55336,820400,77.80052676469735,3.0156108652170417,1.0
57,2017-02-10,118.867561,791500,79.67981913790211,2.9920879348392333,1.0
58,2017-02-13,120.438499,1052600,86.52443548607486,3.071184511496625,-1.0
59,2017-02-14,120.200478,1825300,81.53119879364463,3.078212490228239,1.0
60,2017-02-15,121.162071,900800,85.56869738298259,3.129209356867221,1.0
61,2017-02-16,121.1716,1023500,85.60606496752824,3.13430098335796,-1.0
62,2017-02-17,120.800285,808100,76.34933099805188,3.071460508575967,1.0
63,2017-02-21,121.476257,3895800,80.86865205121944,3.043862216270128,-1.0
64,2017-02-22,117.896439,2312100,36.52042563596781,2.687609192768164,-1.0
65,2017-02-23,117.848839,764500,36.20358723554912,2.3738767077707053,-1.0
66,2017-02-24,116.65873,1442500,28.72721789391369,2.0013070775559214,1.0
67,2017-02-27,117.011002,736500,33.597979937828086,1.716116785193293,-1.0
68,2017-02-28,115.858986,1033500,26.49296315743935,1.376595994479629,1.0
69,2017-03-01,117.55368,1274400,46.474480580188455,1.2368961955503437,-1.0
70,2017-03-02,115.744713,961800,34.47178811322897,0.9617820716536016,1.0
71,2017-03-03,117.087166,783800,46.72465827359476,0.8477552102341832,-1.0
72,2017-03-06,115.773293,495300,38.31115880085465,0.6386710286635946,-1.0
73,2017-03-07,114.230911,1234500,30.55955133859773,0.3383499630038642,1.0
74,2017-03-08,114.964012,575800,37.74416101790081,0.160624102865853,1.0
75,2017-03-09,115.440056,405700,42.38887755811857,0.0594357611296345,1.0
76,2017-03-10,119.010384,1016100,65.5325026326143,0.278625114343356,-1.0
77,2017-03-13,118.239189,838100,59.35237975476087,0.3825642245325298,-1.0
78,2017-03-14,118.048759,412900,57.738967501320346,0.4436835590165486,1.0
79,2017-03-15,120.029099,838900,68.44413783107667,0.6524389400622539,1.0
80,2017-03-16,120.143341,424200,68.98800046907246,0.8181313333024605,1.0
81,2017-03-17,121.771416,1030300,76.0471859054791,1.0750341333248343,1.0
82,2017-03-20,122.12368,577600,77.3838802890057,1.2935759836748275,-1.0
83,2017-03-21,120.26712,1398800,57.19726457640928,1.2945007498045982,1.0
84,2017-03-22,122.742538,529900,69.80151301181468,1.4878803842390056,1.0
85,2017-03-23,123.02816,266000,70.98457682012469,1.646364606268918,1.0
86,2017-03-24,125.903442,1709800,80.3050947590486,1.9926831664773343,1.0
87,2017-03-27,126.341385,2238000,81.39731632035421,2.2780012502135207,1.0
88,2017-03-28,127.379173,1370300,83.93124784089842,2.562532179064249,-1.0
89,2017-03-29,126.541328,358300,74.14662190520372,2.686054072846844,-1.0
90,2017-03-30,126.27478,361100,70.98682769629883,2.7298840799660127,1.0
91,2017-03-31,126.43663,535400,71.86050744369794,2.746675133065437,-1.0
92,2017-04-03,125.846313,564100,63.49260981728639,2.679069888250865,1.0
93,2017-04-04,126.379509,584000,67.58395389842653,2.64024542706278,-1.0
94,2017-04-05,124.751427,557200,47.90995869686706,2.4433283998976094,-1.0
95,2017-04-06,124.703827,370000,47.42551788829187,2.257215636165398,1.0
96,2017-04-07,124.894241,546900,49.85893813360892,2.101631714310628,-1.0
97,2017-04-10,123.685097,1180800,36.85895351362116,1.854475596455046,-1.0
98,2017-04-11,123.589882,613200,35.972655739346564,1.631723451736832,-1.0
99,2017-04-12,122.828217,485300,29.226450658793155,1.3747894984477682,-1.0
100,2017-04-13,122.228409,575600,24.826689195478792,1.1075652387660568,1.0
101,2017-04-17,123.932625,334800,50.32416365140053,1.0283711408528404,1.0
102,2017-04-18,124.389633,915700,55.21246711733665,0.9928954329054136,-1.0
103,2017-04-19,120.809792,3355400,28.68173338222634,0.6538434060759073,1.0
104,2017-04-20,123.818398,2259500,51.96166371941653,0.6328332379778487,-1.0
105,2017-04-21,123.799347,1298800,51.83313539760634,0.607564744590718,1.0
106,2017-04-24,127.064995,685100,68.07922264496938,0.8544625489786881,1.0
107,2017-04-25,127.807632,681300,70.76960888318727,1.100385597442454,-1.0
108,2017-04-26,126.112923,633600,57.4985559157932,1.1385262012537396,1.0
109,2017-04-27,126.579422,453100,59.97774198578447,1.1945213045104026,-1.0
110,2017-04-28,126.778481,753400,51.83271454729934,1.137030763705667,1.0
111,2017-05-01,127.749611,264200,58.10186220367888,1.159600103374828,1.0
112,2017-05-02,129.797699,850700,68.4829763445388,1.333982667464625,-1.0
113,2017-05-03,129.009232,1008300,61.44926814740958,1.3899914379912277,1.0
114,2017-05-04,129.86499,871400,65.99771861880944,1.489029746090523,1.0
115,2017-05-05,130.61499,481000,69.75111893041715,1.6118769248453475,-1.0
116,2017-05-08,128.143829,957800,48.55792279542149,1.4847421398259542,1.0
117,2017-05-09,129.76886,438200,58.50652445412509,1.5030300303113222,-1.0
118,2017-05-10,128.653488,703900,50.46741626067059,1.4076936706595689,1.0
119,2017-05-11,128.999619,639900,52.8786893627869,1.3456758769647763,1.0
120,2017-05-12,130.230377,443300,60.9826916507504,1.383859202395172,1.0
121,2017-05-15,130.518845,577500,62.782898038525225,1.4219363012093709,1.0
122,2017-05-16,131.980362,729100,70.9359103214143,1.5568171472750691,-1.0
123,2017-05-17,127.701553,645700,40.08541416685928,1.2897660022009063,1.0
124,2017-05-18,128.845764,689500,47.42311613752317,1.1607686434994946,1.0
125,2017-05-19,129.663071,619200,52.4180036512716,1.114280950573857,-1.0
126,2017-05-22,129.047699,548800,48.27432885044753,1.0141065592438565,-1.0
127,2017-05-23,128.759247,687200,46.21912703772638,0.9001337163585958,-1.0
128,2017-05-24,128.355392,938000,43.13407414042989,0.7670766261623498,1.0
129,2017-05-25,129.701553,457600,55.117414779193325,0.7657684372488802,-1.0
130,2017-05-26,129.038086,731800,49.0092684652688,0.7009739024904889,-1.0
131,2017-05-30,128.278458,1020200,42.53331182973817,0.5792012624092422,-1.0
132,2017-05-31,126.913101,1436000,33.099398957074484,0.3639184901243766,1.0
133,2017-06-01,128.663086,707400,50.11641018592514,0.3362870589596127,1.0
134,2017-06-02,129.518845,334300,56.59517639766252,0.3818032418480754,-1.0
135,2017-06-05,128.038086,519500,44.5744420623218,0.2902645903578786,-1.0
136,2017-06-06,127.518852,614500,40.91745292776761,0.1721607740580566,1.0
137,2017-06-07,128.836166,413400,52.72529567337769,0.1869558949165366,1.0
138,2017-06-08,129.81691,312400,59.88746917811774,0.2777836859604292,-1.0
139,2017-06-09,125.028481,1203900,31.726331352072638,-0.0514852035175579,-1.0
140,2017-06-12,124.115021,1941400,28.64308314662452,-0.3846559151767224,1.0
141,2017-06-13,126.8554,1373900,47.13744284980335,-0.4139538469304682,-1.0
142,2017-06-14,125.143845,857700,39.470335310305394,-0.5741848664306701,-1.0
143,2017-06-15,122.672707,1551700,30.792619384672943,-0.898192179527058,1.0
144,2017-06-16,124.643852,925300,42.82484427184544,-0.9782752518443942,1.0
145,2017-06-19,126.393837,388000,51.75991198656104,-0.884685416744361,-1.0
146,2017-06-20,123.547714,604100,39.662918135269614,-1.0374028802216344,1.0
147,2017-06-21,125.413094,710600,49.03153060393164,-0.9904741820317896,-1.0
148,2017-06-22,125.018875,660400,47.17395018703017,-0.9751249035977594,1.0
149,2017-06-23,129.461151,1276100,65.06902253814894,-0.5834399714503604,-1.0
150,2017-06-26,128.634247,978400,60.49162369363663,-0.3385194124009558,-1.0
151,2017-06-27,127.278473,1783600,53.13723522345363,-0.2552512659958665,1.0
152,2017-06-28,129.797699,773900,63.13185834189965,0.0218998033072068,-1.0
153,2017-06-29,124.615013,1988500,41.35702672760537,-0.1911800461368784,1.0
154,2017-06-30,125.297699,899500,44.3889178063614,-0.2993067196769914,-1.0
155,2017-07-03,124.682335,427900,42.03794884275598,-0.4316645782092507,1.0
156,2017-07-05,126.422684,796200,50.86891224910168,-0.3860571958261403,-1.0
157,2017-07-06,126.172699,832000,49.56716529810669,-0.3666657458584836,1.0
158,2017-07-07,127.778442,588700,57.875932950620616,-0.2140752737088007,1.0
159,2017-07-10,129.624603,439700,65.67730388230822,0.0610775836587436,1.0
160,2017-07-11,130.595779,1100900,69.26991256825559,0.3565276618394932,1.0
161,2017-07-12,131.768829,841300,73.31806365736684,0.6812634705356402,-1.0
162,2017-07-13,131.586151,484300,71.55652395088087,0.9127667682829212,1.0
163,2017-07-14,134.538055,1164700,80.59634167645206,1.3286417420930832,1.0
164,2017-07-17,134.826523,869900,81.29351195521183,1.6632603598407345,1.0
165,2017-07-18,137.739975,1252200,86.96834376439124,2.1481807314681878,1.0
166,2017-07-19,144.836105,2528800,93.09273008567604,3.092341755034255,1.0
167,2017-07-20,147.903427,2971500,94.44650106758922,4.051301784836312,1.0
168,2017-07-21,148.355331,938400,94.63248989497065,4.793946824882539,-1.0
169,2017-07-24,147.826492,1272100,90.38188164514244,5.277285670219243,-1.0
170,2017-07-25,146.855347,974600,82.2413235388129,5.515259424597332,1.0
171,2017-07-26,148.58606,768800,85.10953016286236,5.7824441219066784,-1.0
172,2017-07-27,147.345718,1019400,74.72973067879937,5.822974558580313,-1.0
173,2017-07-28,146.66301,539100,69.15896571993665,5.731731834508906,-1.0
174,2017-07-31,144.547623,868100,54.14971779200304,5.419428152293278,1.0
175,2017-08-01,145.11496,391600,57.1429534175948,5.160051123180836,1.0
176,2017-08-02,145.211121,855200,57.704583592430346,4.906009187287282,1.0
177,2017-08-03,146.316879,924000,64.1817281022804,4.742801959025513,1.0
178,2017-08-04,147.057281,491200,68.10615153999288,4.622308843332945,1.0
179,2017-08-07,148.480316,476000,74.54008999793979,4.593291879832151,-1.0
180,2017-08-08,147.239944,490700,61.55261949799963,4.415307160510054,1.0
181,2017-08-09,147.653412,547100,64.05756043624706,4.259844988271823,-1.0
182,2017-08-10,144.403412,844800,39.67480652545945,3.819868870555041,1.0
183,2017-08-11,145.374573,416900,46.91974215752983,3.512197486354665,1.0
184,2017-08-14,146.739929,552600,55.86277581773057,3.344395638489914,-1.0
185,2017-08-15,146.595718,376800,54.6947180447195,3.162848850123055,1.0
186,2017-08-16,147.759155,518900,62.32126027083655,3.081090974905436,-1.0
187,2017-08-17,144.855316,486000,41.4320542715892,2.7410115117018563,1.0
188,2017-08-18,146.403412,688800,51.773305231952605,2.571764017605574,-1.0
189,2017-08-21,145.759186,562600,47.57813351814398,2.356407638839471,1.0
190,2017-08-22,148.432236,839100,62.64800093939781,2.382593784947659,-1.0
191,2017-08-23,147.499573,532300,55.9174156596318,2.298578933209626,1.0
192,2017-08-24,147.547623,400200,56.20844788319516,2.2105495430079145,1.0
193,2017-08-25,148.28804,535300,60.9700215516886,2.1778140202800103,-1.0
194,2017-08-28,148.191879,261400,59.95402361509485,2.119370450960048,1.0
195,2017-08-29,149.182236,575500,66.79309150686701,2.1315941222796653,-1.0
196,2017-08-30,148.855331,834200,62.56095517291549,2.0897572138003966,1.0
197,2017-08-31,150.297638,787400,71.96520546727812,2.152822231786132,1.0
198,2017-09-01,151.230316,739700,76.53839593518711,2.255077556626389,-1.0
199,2017-09-05,148.855331,493400,51.078123788666005,2.112456121026895,1.0
200,2017-09-06,150.461105,496400,61.47544354969496,2.1098613196765257,1.0
201,2017-09-07,154.672638,1027800,76.91613454490489,2.4331864602746407,-1.0
202,2017-09-08,153.576492,659400,68.35886137573323,2.567835086552094,1.0
203,2017-09-11,156.518768,698200,76.70631027579006,2.888168351167735,-1.0
204,2017-09-12,155.143784,439400,66.82063622066642,2.992154591522791,-1.0
205,2017-09-13,153.912994,613300,58.695396222693226,2.937418482495872,1.0
206,2017-09-14,155.220688,525500,64.23954284031933,2.969548123771148,1.0
207,2017-09-15,156.162994,632300,67.95854349443152,3.0390574310521004,1.0
208,2017-09-18,160.566849,1294000,79.76195620151921,3.424239362043693,1.0
209,2017-09-19,161.816818,992800,82.01818844636763,3.790700152854271,-1.0
210,2017-09-20,158.83606,990200,62.18116660379623,3.7873217165622464,1.0
211,2017-09-21,159.393768,1066000,64.1290352209381,3.787782397911087,1.0
212,2017-09-22,159.576477,303600,64.8409064092886,3.760134653692546,-1.0
213,2017-09-25,155.778366,849400,43.36945091586966,3.380522105900866,1.0
214,2017-09-26,156.595688,1180700,47.830470693216704,3.112387145597978,1.0
215,2017-09-27,160.518753,1253600,64.11346904146617,3.192311263359585,1.0
216,2017-09-28,163.932205,1477700,72.93394647744873,3.5017413811117137,1.0
217,2017-09-29,164.614868,1677100,74.44159577809053,3.760904038825061,-1.0
218,2017-10-02,164.13414,585700,71.09493384451625,3.8812063599528974,-1.0
219,2017-10-03,163.903351,454400,69.30046184591794,3.91208554191968,1.0
220,2017-10-04,164.605286,861200,71.89024323134075,3.949929681159517,-1.0
221,2017-10-05,162.037964,422300,52.46477896732076,3.721574910693192,1.0
222,2017-10-06,162.922577,1224200,57.24200687271713,3.5736435217444864,1.0
223,2017-10-09,163.595642,352800,60.83570275850639,3.4728577951123327,1.0
224,2017-10-10,164.595673,522200,65.9394746177332,3.437280376296684,1.0
225,2017-10-11,166.249496,859100,72.93842732005501,3.507443100856534,1.0
226,2017-10-12,166.93219,1302000,75.4384955326581,3.5790817699463844,1.0
227,2017-10-13,169.518723,809400,82.70341035568401,3.809008729832215,1.0
228,2017-10-16,169.797546,743200,83.34085775847362,3.968876772707631,-1.0
229,2017-10-17,169.557175,1055300,80.28012335613602,4.028957127978003,-1.0
230,2017-10-18,165.124512,2715900,44.28852844367721,3.662365302301225,1.0
231,2017-10-19,169.249512,1120100,62.875028366736615,3.6756359881407543,-1.0
232,2017-10-20,168.48027,1091300,58.507092433080274,3.580327756383838,1.0
233,2017-10-23,171.220612,1240700,68.00816477426537,3.692205514906078,1.0
234,2017-10-24,171.566788,614400,69.0812680327537,3.766499445202328,-1.0
235,2017-10-25,170.537964,560000,61.69950340464192,3.6964283826685858,1.0
236,2017-10-26,170.980286,427700,63.70058033960596,3.63610049740521,1.0
237,2017-10-27,172.047546,703800,68.47050621493676,3.635943909265478,-1.0
238,2017-10-30,171.086044,1268300,59.95344383502179,3.5146138882526827,1.0
239,2017-10-31,173.797546,526400,71.81680875217432,3.604459998419287,1.0
240,2017-11-01,174.422531,941900,73.95118552023764,3.685627155975197,1.0
241,2017-11-02,175.239868,553700,76.71808570971271,3.775024955701639,1.0
242,2017-11-03,177.480255,470100,82.74645058763335,3.9879148448810326,1.0
243,2017-11-06,177.807175,503200,83.4947933635166,4.136384782615522,-1.0
244,2017-11-07,176.461014,611700,68.75867138731365,4.09388866223523,-1.0
245,2017-11-08,174.528336,677200,52.72611829485831,3.853597380886214,-1.0
246,2017-11-09,171.162964,685100,35.45276620367703,3.342217062098399,1.0
247,2017-11-10,172.691788,692000,45.233647225100455,3.0303135067848643,-1.0
248,2017-11-13,171.970642,415300,41.6603765706362,2.6915820773308496,1.0
249,2017-11-14,173.40332,382800,50.90599748911286,2.514380506364517,-1.0
250,2017-11-15,171.066788,494400,38.85501874624987,2.1530479421445534,1.0
251,2017-11-16,174.797546,1853700,57.93509716441522,2.154931261434996,-1.0
252,2017-11-17,173.393723,553700,50.78003710868847,2.0153826567601527,1.0
253,2017-11-20,174.547546,996700,56.12450860197039,1.9788086370660665,1.0
254,2017-11-21,178.239838,845900,69.03549623538491,2.233927719789307,-1.0
255,2017-11-22,175.961014,526600,56.68221827388224,2.219290047053533,1.0
256,2017-11-24,179.201385,311400,66.81474923010713,2.4513622402428155,-1.0
257,2017-11-27,177.614868,863900,58.741781791610464,2.473625978607714,-1.0
258,2017-11-28,177.20137,787700,56.60295612265558,2.428576976145962,-1.0
259,2017-11-29,165.807205,2544800,25.68113004426928,1.4203076554007623,1.0
260,2017-11-30,168.768723,1584600,36.50068260125397,0.8598653823906659,-1.0
261,2017-12-01,165.797592,1143300,31.0573499874357,0.1644767937657718,-1.0
262,2017-12-04,162.816849,1446200,26.330197087553277,-0.6295104342880791,1.0
263,2017-12-05,163.941818,737800,31.08113446536213,-1.1510731179851064,1.0
264,2017-12-06,164.10527,869500,31.847457358515896,-1.5330261138390997,1.0
265,2017-12-07,165.547577,989700,39.026159343398405,-1.6951485337949066,-1.0
266,2017-12-08,165.364883,487000,38.41116725938357,-1.8180064464805523,1.0
267,2017-12-11,168.393738,1571600,53.11118445299086,-1.6422618544652323,-1.0
268,2017-12-12,165.537964,1129300,41.818230269822166,-1.722778144430862,1.0
269,2017-12-13,166.691818,828900,47.25575755355004,-1.6705016520172364,-1.0
270,2017-12-14,165.297577,935500,41.61619885356268,-1.7261765066559462,1.0
271,2017-12-15,167.114883,3118500,50.80015574359929,-1.5993557288753948,1.0
272,2017-12-18,169.586014,1207900,60.84928828225284,-1.2767548376926072,1.0
273,2017-12-19,170.220642,708700,63.16769580437851,-0.9568050473050392,-1.0
274,2017-12-20,168.432205,528400,52.628267672277246,-0.8436045215335355,-1.0
275,2017-12-21,167.826401,393400,49.28588165376254,-0.7955577332905364,1.0
276,2017-12-22,168.48027,285900,53.140541571585146,-0.6946024008119025,-1.0
277,2017-12-26,166.43219,281400,41.332101660351626,-0.7775055745017596,1.0
278,2017-12-27,167.345657,334800,47.56783064331819,-0.7578145046063014,1.0
279,2017-12-28,167.499512,402100,48.67049572765159,-0.7209871136100787,-1.0
280,2017-12-29,167.134109,194400,45.918450335023024,-0.7142299598254738,1.0
281,2018-01-02,170.893707,818600,68.15344099124944,-0.3888885662925077,1.0
282,2018-01-03,172.191772,1054200,72.78874119048922,-0.021866898239125,1.0
283,2018-01-04,173.797546,915600,77.62344685414593,0.3991540997883191,1.0
284,2018-01-05,175.836014,516100,82.38979662905626,0.8935815016640731,1.0
285,2018-01-08,176.759094,763900,84.21668402863298,1.3473518877301274,-1.0
286,2018-01-09,175.807159,854300,74.63514128790399,1.6085407213974747,-1.0
287,2018-01-10,173.759109,668700,57.68959500744587,1.6249312466765105,-1.0
288,2018-01-11,171.682175,831900,45.20088472288306,1.44694707991016,1.0
289,2018-01-12,173.912933,710300,57.1553440432452,1.4760819568891463,1.0
290,2018-01-16,179.211014,1518900,73.58093446963551,1.9216319379195284,1.0
291,2018-01-17,191.518646,2653200,87.22925152168955,3.269892282739136,1.0
292,2018-01-18,195.537872,3618500,89.379363143483,4.622405814632117,1.0
293,2018-01-19,197.614792,1122900,90.38334775041746,5.801698355976953,1.0
294,2018-01-22,197.634018,1002300,90.39343244373534,6.66112384727586,-1.0
295,2018-01-23,197.528244,559900,89.7717603275659,7.249777735361619,-1.0
296,2018-01-24,194.470596,669800,72.47941451695277,7.374680596564275,-1.0
297,2018-01-25,193.105194,1380200,65.69815791856914,7.275220825750807,1.0
298,2018-01-26,198.566711,1069200,76.3287593577797,7.567492859150519,-1.0
299,2018-01-29,196.172501,1064500,65.62913997468277,7.511609923960577,-1.0
300,2018-01-30,192.52829,744900,52.25093643886353,7.079887784721024,1.0
301,2018-01-31,195.153275,701800,59.40396865896778,6.87874011682996,-1.0
302,2018-02-01,193.672516,741500,53.934649223393805,6.519905868575364,-1.0
303,2018-02-02,187.085983,917300,36.162930429036535,5.618028974716907,-1.0
304,2018-02-05,179.499466,912600,24.846744270595224,4.218004320272655,1.0
305,2018-02-06,186.643677,2881200,44.47954429874017,3.665757672827425,-1.0
306,2018-02-07,179.95137,1275500,34.38287246290189,2.6360965482156478,-1.0
307,2018-02-08,172.980255,1767200,26.783267101951395,1.220993427243826,1.0
308,2018-02-09,176.605225,2070900,35.65751873863978,0.3991210056591399,1.0
309,2018-02-12,179.172546,1563400,41.666361387542125,-0.0363532278406637,-1.0
310,2018-02-13,178.114868,496300,39.827554551230506,-0.4648710321172586,1.0
311,2018-02-14,183.980209,930600,53.48731911003866,-0.3086977103154993,1.0
312,2018-02-15,187.403259,1125900,59.86763411304824,0.101166672410244,-1.0
313,2018-02-16,184.835983,738800,53.28879754879466,0.2081413007861385,1.0
314,2018-02-20,187.999451,764000,59.81794413191607,0.5520321315560182,-1.0
315,2018-02-21,186.932159,703400,56.61412882922073,0.7266242966144318,-1.0
316,2018-02-22,185.855194,796500,53.16624568873719,0.7657868043198448,1.0
317,2018-02-23,189.249435,741700,61.93419635957059,1.069339323982831,1.0
318,2018-02-26,193.114822,1172200,69.68897535194107,1.615662052220415,-1.0
319,2018-02-27,189.845596,861100,57.74877235444937,1.7540559840051628,-1.0
320,2018-02-28,187.87442,623700,51.37943114502535,1.6789620333065614,-1.0
321,2018-03-01,184.547516,901900,41.99773736598723,1.324982396339777,1.0
322,2018-03-02,186.124435,696000,47.45500515365581,1.163375736079871,1.0
323,2018-03-05,190.720596,730700,60.46491986395289,1.4048134497101046,1.0
324,2018-03-06,195.037857,1538800,69.09120770961594,1.936140621930832,1.0
325,2018-03-07,198.12439,1308300,73.96475177099366,2.5864272483495654,-1.0
326,2018-03-08,197.134018,458100,69.73122578353859,2.984270955676493,1.0
327,2018-03-09,201.355164,645100,76.5856196727924,3.61216251035512,1.0
328,2018-03-12,203.17247,788800,79.03798694218533,4.21370524395968,-1.0
329,2018-03-13,200.018631,656900,64.88520255474903,4.375327633604741,1.0
330,2018-03-14,203.393616,733400,71.45005941593759,4.732093179524895,1.0
331,2018-03-15,206.191696,700500,75.92745342875467,5.1898203487839965,-1.0
332,2018-03-16,205.826294,822000,74.10628085683507,5.45898154009771,-1.0
333,2018-03-19,204.566681,1063300,67.41691635194871,5.503150934544664,-1.0
334,2018-03-20,204.422485,790400,66.5910116164514,5.463077281367248,1.0
335,2018-03-21,205.509003,465400,69.92213029141632,5.4595649060132985,-1.0
336,2018-03-22,196.845551,1008300,35.783713207581,4.675849741208765,-1.0
337,2018-03-23,191.451355,1149000,26.21912171737989,3.561020483983441,1.0
338,2018-03-26,199.470566,776800,50.04111082709564,3.3122961544310385,-1.0
339,2018-03-27,192.585953,681900,37.5506097065339,2.508511290486183,-1.0
340,2018-03-28,187.047531,2776600,30.259350538036458,1.3906915903529296,1.0
341,2018-03-29,190.922516,1193200,40.03503704049242,0.8205399895037715,-1.0
342,2018-04-02,185.624451,705200,32.549357782486695,-0.0750546264265494,1.0
343,2018-04-03,191.759048,1165600,46.45929335010548,-0.2669309252160872,-1.0
344,2018-04-04,190.634064,1704900,44.44240014908503,-0.5075525846640971,1.0
345,2018-04-05,191.037888,861200,45.4622837280899,-0.6567856388223845,-1.0
346,2018-04-06,187.143692,837900,37.49714890422816,-1.0892973520367375,1.0
347,2018-04-09,190.893661,774100,48.02072910684501,-1.10463552789372,1.0
348,2018-04-10,197.643631,885800,61.88306283197871,-0.5440638590877143,0.0
349,2018-04-11,197.643631,855500,61.88306283197871,-0.0986693737372661,1.0
350,2018-04-12,198.307114,1044500,63.26952552199595,0.3064537515228949,-1.0
351,2018-04-13,197.739761,526000,60.99305726567351,0.5732991544871311,1.0
352,2018-04-16,198.749405,828600,63.77642154739505,0.8595936650205545,1.0
353,2018-04-17,204.518616,1233000,75.67735256981587,1.5527350203954882,-1.0
354,2018-04-18,198.384033,1700600,53.323287986777146,1.56915442964484,-1.0
355,2018-04-19,187.595612,2623900,32.84731378927808,0.6690937225935443,-1.0
356,2018-04-20,185.595612,1729200,30.262196771395608,-0.2096331301970053,-1.0
357,2018-04-23,183.960983,808200,28.09371781636933,-1.031317654403864,1.0
358,2018-04-24,186.585999,1147600,36.81823878054515,-1.4455572143448308,-1.0
359,2018-04-25,184.287888,830300,32.65576447657453,-1.9442854825111624,1.0
360,2018-04-26,188.15329,875600,45.16790906548459,-1.9921870204476024,-1.0
361,2018-04-27,186.007523,1109600,37.0848460318045,-2.3205174445237446,-1.0
362,2018-04-30,182.806366,645900,31.419250091987863,-2.8145598400874405,1.0
363,2018-05-01,185.706802,484200,41.18828743733699,-2.931036419630658,-1.0
364,2018-05-02,184.639755,509500,38.75136909670422,-3.0766406409863407,1.0
365,2018-05-03,186.97757,1588200,46.996141689582224,-2.963405559245245,1.0
366,2018-05-04,189.654907,788000,55.27072178586857,-2.620747070026482,-1.0
367,2018-05-07,189.043808,570300,53.00422265887191,-2.3726719907807023,-1.0
368,2018-05-08,188.064026,843800,49.1283800901922,-2.2318427749524687,1.0
369,2018-05-09,192.021866,518200,62.44150005634269,-1.770602144033461,1.0
370,2018-05-10,195.048431,414200,69.71453103561728,-1.1401637905324549,-1.0
371,2018-05-11,192.846405,405000,59.632617788714185,-0.8143202282107893,1.0
372,2018-05-14,195.892365,406800,67.4470021487428,-0.2992654346173253,-1.0
373,2018-05-15,193.942551,569700,58.71588996767843,-0.0526646426609715,1.0
374,2018-05-16,196.804214,490900,66.38071745856845,0.3764698654832727,-1.0
375,2018-05-17,196.319183,524400,63.96530447095122,0.6685100657047371,-1.0
376,2018-05-18,191.430115,1002100,44.41599554169224,0.4876461420525686,1.0
377,2018-05-21,196.445297,1089000,59.61073560118763,0.7528079894241841,1.0
378,2018-05-22,196.47438,463600,59.68746585430809,0.9543698699640686,-1.0
379,2018-05-23,194.204483,719300,50.67579504871263,0.9147463647464632,1.0
380,2018-05-24,194.815613,325300,52.96987444085162,0.9235346570717128,1.0
381,2018-05-25,195.07753,309800,54.06854132854384,0.94143424043682,-1.0
382,2018-05-29,189.742233,654000,34.41584706026475,0.5059830964586354,1.0
383,2018-05-30,191.197327,583200,41.38809894182715,0.2787096007896252,-1.0
384,2018-05-31,190.760788,785700,39.86245808099745,0.0615717497579169,1.0
385,2018-06-01,196.105789,518000,60.99042127732128,0.3302927867016194,1.0
386,2018-06-04,197.813065,441300,65.62015411884403,0.677463573062596,1.0
387,2018-06-05,203.051346,611000,76.07472399236012,1.3725130430256345,1.0
388,2018-06-06,207.212875,569900,81.45181234295237,2.243648040369606,-1.0
389,2018-06-07,201.34404,923400,59.008575307592366,2.4179712543528358,-1.0
390,2018-06-08,201.23735,837500,58.65594545706959,2.518219034489533,1.0
391,2018-06-11,203.57518,528100,64.26958341037653,2.7603141210981903,-1.0
392,2018-06-12,203.070755,363900,62.08684384731631,2.877051307232051,1.0
393,2018-06-13,207.348694,998900,71.82493894190476,3.287520346998093,1.0
394,2018-06-14,209.424576,710700,75.49074889470592,3.742360451122465,-1.0
395,2018-06-15,208.386627,821300,70.02433770970794,3.970713188529089,-1.0
396,2018-06-18,204.778046,599700,53.77795676593138,3.8076195191065674,-1.0
397,2018-06-19,200.005371,749300,39.30493672360971,3.2439682337287365,-1.0
398,2018-06-20,199.345734,542300,37.625526141893545,2.711148346509873,-1.0
399,2018-06-21,198.123474,893400,34.36099276885668,2.1622881688140865,1.0
400,2018-06-22,200.189682,730900,44.18482256724662,1.877541782655726,-1.0
401,2018-06-25,190.760788,1060000,24.28304264571014,0.8576687019600797,1.0
402,2018-06-26,192.041245,1106500,29.460786788514117,0.1541485424183406,-1.0
403,2018-06-27,188.09314,663000,23.511904131036506,-0.7234720673926631,-1.0
404,2018-06-28,187.782715,887500,23.072354233634726,-1.428348293684536,1.0
405,2018-06-29,192.041245,894300,41.176492065532926,-1.6141249234723605,-1.0
406,2018-07-02,189.40271,1963200,35.04450507378428,-1.9582619647765116,-1.0
407,2018-07-03,185.735916,434600,28.072768212814168,-2.507107008934753,1.0
408,2018-07-05,190.12056,540800,44.045650393547824,-2.54797267021047,1.0
409,2018-07-06,191.410736,380300,48.11414409643176,-2.4448561749682085,1.0
410,2018-07-09,193.147125,1242600,53.56680950684844,-2.193413745077919,1.0
411,2018-07-10,193.457535,977300,54.59051545710997,-1.9458920949350895,-1.0
412,2018-07-11,187.792435,842500,36.81488813748633,-2.195658174225656,1.0
413,2018-07-12,193.360519,625100,54.3476941560692,-1.908429886784063,-1.0
414,2018-07-13,193.224716,422900,53.90986783014315,-1.6728130816741498,1.0
415,2018-07-16,194.088074,1153300,56.578384633559175,-1.398152472751292,1.0
416,2018-07-17,198.22049,1383900,67.41474312630152,-0.8272005942760927,1.0
417,2018-07-18,211.374405,3615000,83.31746225068694,0.7112624056036339,-1.0
418,2018-07-19,208.813446,843000,74.79001145449026,1.6979071444768865,1.0
419,2018-07-20,213.227188,1371300,79.19412360354929,2.814533237389241,1.0
420,2018-07-23,214.168152,930500,80.0841959553047,3.7346872846865153,-1.0
421,2018-07-24,207.300171,918500,58.255833320108685,3.8482586746238496,1.0
422,2018-07-25,212.412338,2240200,66.429107052071,4.313783488111795,-1.0
423,2018-07-26,210.161835,1511000,60.20220228907831,4.444279196820446,-1.0
424,2018-07-27,206.912155,920600,51.79023989325548,4.228636618779433,1.0
425,2018-07-30,208.076233,692600,54.52177161407891,4.10722254631105,-1.0
426,2018-07-31,207.591202,1162300,53.019737013360285,3.92540556592914,-1.0
427,2018-08-01,207.503891,802500,52.70611579438168,3.731043230120747,1.0
428,2018-08-02,209.356705,613900,58.89800107259126,3.688610947306557,-1.0
429,2018-08-03,208.347839,456100,54.25654810599111,3.530367227753487,-1.0
430,2018-08-06,207.174088,501000,48.878793947622384,3.2696314220893328,-1.0
431,2018-08-07,207.164368,537600,48.830750781203896,3.0272920367731047,-1.0
432,2018-08-08,206.62114,491500,45.80782264021189,2.758253737317119,-1.0
433,2018-08-09,202.905838,1016800,30.37502087306298,2.2105084287710497,-1.0
434,2018-08-10,197.783966,842500,19.5044086841624,1.334975763342953,1.0
435,2018-08-13,198.569702,914400,24.47985005851595,0.698418948396835,1.0
436,2018-08-14,199.452454,408800,30.28886227503992,0.2643258204658707,-1.0
437,2018-08-15,191.236099,1281400,16.291919979156347,-0.7544575683172638,1.0
438,2018-08-16,191.934555,1250600,20.060212738535,-1.486615818009824,-1.0
439,2018-08-17,191.459213,730900,19.34886541787546,-2.082391383233244,1.0
440,2018-08-20,193.515747,538300,31.88848749402925,-2.3563185482005338,1.0
441,2018-08-21,194.485794,699000,37.39791066228228,-2.464309135588536,1.0
442,2018-08-22,194.796204,385600,39.28378192518708,-2.495307343535416,-1.0
443,2018-08-23,193.56424,374400,34.35480384539217,-2.5924680780403837,1.0
444,2018-08-24,196.901215,301900,53.371332330904266,-2.364631171136409,1.0
445,2018-08-27,202.343216,546200,70.24162919607174,-1.711657740700133,-1.0
446,2018-08-28,200.500107,437600,61.23720957744684,-1.332129272515573,1.0
447,2018-08-29,200.626221,401500,61.64096456445791,-1.0092261789520194,-1.0
448,2018-08-30,199.054749,352800,53.33394123189286,-0.8739698386506234,-1.0
449,2018-08-31,198.909241,388400,52.547144472663305,-0.7700053345552078,-1.0
450,2018-09-04,193.506027,693000,31.704787463765783,-1.1241077164228557,-1.0
451,2018-09-05,189.276581,633900,23.098821459813323,-1.736534360718906,-1.0
452,2018-09-06,178.926117,2100300,12.853111596055529,-3.047734171939794,-1.0
453,2018-09-07,175.453339,889600,10.90551659310198,-4.325879663102171,1.0
454,2018-09-10,180.109619,1003600,28.36899990787974,-4.89507170702592,-1.0
455,2018-09-11,177.878494,610500,25.49549675799489,-5.468711619421725,-1.0
456,2018-09-12,170.118057,3094700,17.91954181383251,-6.493999737459205,1.0
457,2018-09-13,176.549515,2444700,36.64258601401661,-6.69439316626395,1.0
458,2018-09-14,178.829132,1095400,42.246028350052185,-6.587642317991168,-1.0
459,2018-09-17,177.606873,574900,39.971486010448736,-6.529446384808892,1.0
460,2018-09-18,180.982666,687000,49.061102347715,-6.131833919953181,1.0
461,2018-09-19,183.388397,1053800,54.90101483368507,-5.552601294553938,1.0
462,2018-09-20,185.755325,561200,60.27766755782928,-4.840865017736263,-1.0
463,2018-09-21,182.786942,1116700,51.1080947767627,-4.472173849087199,1.0
464,2018-09-24,185.735916,509400,58.613647183357415,-3.88984054203641,-1.0
465,2018-09-25,184.513672,515600,54.45583276474754,-3.489780172785345,-1.0
466,2018-09-26,183.145889,701000,49.7196591745373,-3.2490519384970757,-1.0
467,2018-09-27,183.087662,298700,49.49983037230857,-3.028207128858156,-1.0
468,2018-09-28,182.389252,609800,46.53683568758477,-2.8781070628577936,1.0
469,2018-10-01,184.387543,513900,55.65115815074862,-2.563378030374764,1.0
470,2018-10-02,184.465149,421000,56.00072524113955,-2.2812012438951967,1.0
471,2018-10-03,186.06572,826600,63.18296410384556,-1.902502516665976,-1.0
472,2018-10-04,181.846008,610400,41.665922234660165,-1.9311281233477189,-1.0
473,2018-10-05,178.285904,691200,30.983428427083663,-2.2243130844420023,-1.0
474,2018-10-08,176.239105,603900,26.326671351324165,-2.5969871925991583,1.0
475,2018-10-09,177.471069,596000,33.54123781272459,-2.7580621754277104,-1.0
476,2018-10-10,166.771408,1515900,16.599719567896656,-3.732715575929518,-1.0
477,2018-10-11,166.63559,1665300,16.472990454862227,-4.46496285465966,1.0
478,2018-10-12,169.060715,906100,28.21646955346918,-4.7883478980561165,-1.0
479,2018-10-15,168.158554,672600,26.550151979563097,-5.061331656864638,1.0
480,2018-10-16,176.277924,823600,55.15324062883163,-4.549836919100784,1.0
481,2018-10-17,179.469376,1709500,62.11258272190208,-3.8347935214898143,-1.0
482,2018-10-18,171.156036,847700,41.824705191108414,-3.9145191498972736,-1.0
483,2018-10-19,170.496399,740400,40.56315955837254,-3.986617916884313,1.0
484,2018-10-22,171.049332,518600,42.31338183547543,-3.952203367750173,-1.0
485,2018-10-23,167.770554,1260800,34.98319055479645,-4.14983107577612,-1.0
486,2018-10-24,153.423462,1942800,18.319261571035213,-5.437204578351725,1.0
487,2018-10-25,163.977631,1067700,42.49835421700684,-5.51594874614338,-1.0
488,2018-10-26,161.232407,876000,38.903766614886734,-5.740536948873114,-1.0
489,2018-10-29,158.477463,745500,35.307431004967555,-6.077630806295247,1.0
490,2018-10-30,163.686615,1307500,46.52407707029402,-5.844098064317791,1.0
491,2018-10-31,167.198196,731400,53.10184594782301,-5.305756798502756,1.0
492,2018-11-01,170.457596,1352600,58.75286237172851,-4.555480800516619,-1.0
493,2018-11-02,169.749435,948400,56.9633736238009,-3.973976713199619,-1.0
494,2018-11-05,167.683243,567400,51.47392857058887,-3.643009707886336,1.0
495,2018-11-06,172.116364,1493800,61.12044115918782,-2.9776315275652507,-1.0
496,2018-11-07,172.106689,1039400,61.08856956677423,-2.423188035546588,-1.0
497,2018-11-08,169.749435,1891400,53.02219386411776,-2.155025903218018,1.0
498,2018-11-09,170.244156,1748000,54.534172759683855,-1.8796853049182405,-1.0
499,2018-11-12,163.938858,2888200,36.54504285955659,-2.161060217305362,1.0
500,2018-11-13,165.772232,1433100,43.09476820463212,-2.206114029377261,1.0
501,2018-11-14,167.557129,1166700,49.218294696855146,-2.0694913120048,1.0
502,2018-11-15,171.495544,2028800,60.47903188679591,-1.6149923703368358,-1.0
503,2018-11-16,163.929138,3096800,40.019968362606974,-1.862720249425081,-1.0
504,2018-11-19,158.690857,1476500,31.240303162143647,-2.4663514111104234,-1.0
505,2018-11-20,156.49855,2125600,28.139902307081115,-3.0914596613071126,1.0
506,2018-11-21,159.001282,1074000,36.74039073591698,-3.3401744025004803,-1.0
507,2018-11-23,158.758774,742800,36.23610345381239,-3.51691473360637,1.0
508,2018-11-26,162.415848,1056800,48.92266181972861,-3.3145678393604783,-1.0
509,2018-11-27,162.396469,544300,48.86080866504268,-3.119855659089609,1.0
510,2018-11-28,169.089813,613300,66.43770836057456,-2.3813225986598923,-1.0
511,2018-11-29,166.383362,1079700,56.94144586212889,-1.9981258749766937,-1.0
512,2018-11-30,166.218491,1360900,56.35250312874982,-1.6886909504387972,1.0
513,2018-12-03,172.339508,2413300,70.11862934963234,-0.9236501753684934,-1.0
514,2018-12-04,164.559677,1625300,47.3442585336979,-0.9535058054374304,-1.0
515,2018-12-06,161.368195,1097300,40.81797411816344,-1.2284803896175165,-1.0
516,2018-12-07,154.752441,1412200,30.39535281366332,-1.9739626833242312,1.0
517,2018-12-10,156.576141,915800,35.816651244982125,-2.385562797387053,1.0
518,2018-12-11,156.634354,1475500,36.00752480081854,-2.6760695329361117,1.0
519,2018-12-12,160.272064,917700,47.67804760516247,-2.57403270713624,-1.0
520,2018-12-13,159.175873,698200,44.72836829793882,-2.554898468037948,-1.0
521,2018-12-14,156.207535,692500,37.24142547984862,-2.754893927798093,-1.0
522,2018-12-17,155.790405,686500,36.21911931923922,-2.914492160626736,1.0
523,2018-12-18,157.711105,710200,44.619445588308125,-2.848371526397017,-1.0
524,2018-12-19,149.271637,1580600,26.33268391508014,-3.4581243910159287,-1.0
525,2018-12-20,148.107574,2719400,24.659857311424616,-3.992169622372444,-1.0
526,2018-12-21,144.004272,1805700,19.43688162625274,-4.702521896257224,-1.0
527,2018-12-24,140.667282,321500,16.107550883102647,-5.479891821423252,1.0
528,2018-12-26,148.340393,634500,43.03257663311741,-5.395496032633986,1.0
529,2018-12-27,149.766388,725800,46.83762234413612,-5.150621804578179,1.0
530,2018-12-28,150.445419,676500,48.79209719324764,-4.844232015593434,1.0
531,2018-12-31,150.959534,356500,50.44730706749719,-4.506698989857853,1.0
532,2019-01-02,151.619171,602500,52.79645781122436,-4.13664599260224,-1.0
533,2019-01-03,143.257309,1078600,30.675312328411124,-4.487213291133003,1.0
534,2019-01-04,149.455978,589500,49.49815955655467,-4.200993239655588,1.0
535,2019-01-07,152.870544,971900,57.18299277594208,-3.6480753504393135,-1.0
536,2019-01-08,151.74527,531700,53.93724299094276,-3.2658399175725776,1.0
537,2019-01-09,158.040924,779900,66.64727498246157,-2.4114289668357003,-1.0
538,2019-01-10,157.740189,1028100,65.60960831571123,-1.7392671112231994,-1.0
539,2019-01-11,157.167877,639600,63.3567097290342,-1.2398891547037465,-1.0
540,2019-01-14,153.937622,680200,51.40219839605966,-1.1001500132175297,1.0
541,2019-01-15,154.461426,482700,53.123358947607855,-0.935054013326976,-1.0
542,2019-01-16,152.569824,537600,46.055152306611134,-0.9506047255115676,1.0
543,2019-01-17,152.822006,953000,47.17959180318362,-0.9312149675307068,1.0
544,2019-01-18,157.827499,1664700,64.70228000265425,-0.4937871746108726,-1.0
545,2019-01-22,154.723343,968500,51.8914902871373,-0.4007163035242627,1.0
546,2019-01-23,157.264893,1458900,59.72602110497326,-0.1142285121769361,1.0
547,2019-01-24,163.841827,1385700,73.25249875539836,0.6523841051142938,1.0
548,2019-01-25,171.369431,1352900,81.69596692039951,1.8646040861246436,-1.0
549,2019-01-28,168.934601,2261100,72.77861589570853,2.592871318128516,1.0
550,2019-01-29,169.380844,966800,73.41675229608565,3.1705983823123915,1.0
551,2019-01-30,171.883575,687600,77.03937928981101,3.792913416846062,-1.0
552,2019-01-31,169.788254,562100,67.76214636292389,4.064950159949689,1.0
553,2019-02-01,173.067032,795000,73.70754589559851,4.501390170530016,1.0
554,2019-02-04,174.182587,543000,75.54864566051276,4.883769869183766,1.0
555,2019-02-05,176.171188,650800,78.73409202166721,5.291232608936042,1.0
556,2019-02-06,181.263992,1554900,84.81399819518289,5.968974269893664,-1.0
557,2019-02-07,175.676468,1474500,61.61988084331797,5.97245916927767,-1.0
558,2019-02-08,175.647369,633100,61.514743874642136,5.904734208176507,-1.0
559,2019-02-11,173.173737,653300,52.395769784394346,5.580963880155053,1.0
560,2019-02-12,177.315842,901600,63.32140631203792,5.604322843897165,-1.0
561,2019-02-13,176.85022,653800,61.41988412296454,5.520466899890039,1.0
562,2019-02-14,178.809738,1060100,66.50019092100105,5.552996414985415,1.0
563,2019-02-15,178.848526,824400,66.60466899653974,5.518390816669978,-1.0
564,2019-02-19,176.995758,900500,56.50518796173306,5.276026808682985,1.0
565,2019-02-20,178.344131,600400,61.59133272327645,5.136897927112813,-1.0
566,2019-02-21,177.06366,712700,54.34889205461354,4.864053966599272,1.0
567,2019-02-22,179.352951,495600,63.54559862757619,4.783118624697181,1.0
568,2019-02-25,181.390091,737200,69.99921817398726,4.832721116087896,-1.0
569,2019-02-26,179.808899,660600,60.090674110677725,4.6864809128630895,-1.0
570,2019-02-27,178.606018,387900,53.214273706196174,4.419580207625842,-1.0
571,2019-02-28,177.393463,318500,46.7436757748984,4.060389282353043,1.0
572,2019-03-01,179.566376,389800,57.78262863808348,3.911389585545578,1.0
573,2019-03-04,180.099915,558300,60.2125906059956,3.7939525742514206,-1.0
574,2019-03-05,179.003738,258700,52.7298396498373,3.5685647440437838,-1.0
575,2019-03-06,175.73468,499300,36.49785929851353,3.082479922723877,-1.0
576,2019-03-07,172.203674,648300,26.08861065996797,2.376145889806878,1.0
577,2019-03-08,173.484131,415700,34.248910301061315,1.9009702014553227,1.0
578,2019-03-11,175.666779,609900,46.362110304411374,1.686505258143313,1.0
579,2019-03-12,177.044235,509000,52.92948306709097,1.6125340090168834,1.0
580,2019-03-13,177.06366,418500,53.0267087558995,1.537798631393457,1.0
581,2019-03-14,177.800873,524100,57.069425599444166,1.5223468041227477,1.0
582,2019-03-15,187.035782,1445100,81.28319270959287,2.25232258840785,-1.0
583,2019-03-18,184.930771,589500,70.41918078852173,2.6254681107006093,1.0
584,2019-03-19,185.095673,683400,70.78624741922205,2.9014599004091792,1.0
585,2019-03-20,185.415817,584100,71.60697037172966,3.1109525800907534,1.0
586,2019-03-21,188.539383,770100,78.63500824876887,3.496498826791793,-1.0
587,2019-03-22,182.127319,937000,48.84932551777343,3.231425306950229,-1.0
588,2019-03-25,180.749847,1028700,44.5036735910766,2.8736450699581155,1.0
589,2019-03-26,181.681091,414800,48.2392498189168,2.6371653051357384,-1.0
590,2019-03-27,178.547821,786700,37.9306517503092,2.1641725514414247,1.0
591,2019-03-28,178.68364,312100,38.61295916334354,1.7800992594992238,1.0
592,2019-03-29,182.41835,687400,54.9539210506881,1.766024090490447,1.0
593,2019-04-01,186.715652,647500,67.06089468901433,2.088260660748631,1.0
594,2019-04-02,188.034943,498300,70.02848791799138,2.425417396298513,1.0
595,2019-04-03,191.818146,691700,77.1214671762655,2.9730432786091114,1.0
596,2019-04-04,192.43898,437500,78.14020343244505,3.419268191774279,1.0
597,2019-04-05,195.358841,503300,82.53039587758735,3.9700220674247646,1.0
598,2019-04-08,197.463852,503600,85.11635621388504,4.529387308262898,-1.0
599,2019-04-09,195.533447,708300,73.19340961047212,4.757273758398043,-1.0
600,2019-04-10,193.806747,611600,63.62668209476084,4.7396079086931024,-1.0
601,2019-04-11,191.983047,453300,54.5844883978096,4.521783885036058,1.0
602,2019-04-12,196.746017,430900,68.57909989211868,4.691274887754474,-1.0
603,2019-04-15,193.855255,389400,56.00916355053159,4.532883486605016,1.0
604,2019-04-16,197.522034,755200,65.60515268107298,4.658669249389874,-1.0
605,2019-04-17,197.269836,1280500,64.44485699213155,4.683388838473292,1.0
606,2019-04-18,199.743469,1007900,70.57073980520167,4.852803128057474,-1.0
607,2019-04-22,199.355453,357500,68.3538725101343,4.898322971713924,-1.0
608,2019-04-23,199.142029,438200,66.96550548673758,4.86061530538538,1.0
609,2019-04-24,199.258438,485700,67.39896469109462,4.785254161619264,1.0
610,2019-04-25,200.034485,756700,70.49578776569264,4.73549562263878,1.0
611,2019-04-26,203.347717,637900,74.14316589328003,4.72151881149864,-1.0
612,2019-04-29,202.572403,365800,66.2952739129893,4.593742451642413,1.0
613,2019-04-30,204.937637,337500,75.70808323067597,4.633533378232073,-1.0
614,2019-05-01,202.55278,391200,56.58686825731401,4.418058014412196,-1.0
615,2019-05-02,202.101334,405500,53.51644980357009,4.162194410115575,1.0
616,2019-05-03,204.800186,345200,66.5406238536101,4.133672276719494,-1.0
617,2019-05-06,201.355469,413200,46.55968197429214,3.784218898398109,-1.0
618,2019-05-07,196.958755,623100,31.891959905637336,3.109927039047733,1.0
619,2019-05-08,197.684982,573400,35.894867170020945,2.605225553356746,-1.0
620,2019-05-09,195.290359,688000,29.12240127953082,1.9854720639594348,-1.0
621,2019-05-10,195.045013,780200,28.46214035445148,1.4573407310817004,-1.0
622,2019-05-13,186.899323,994000,14.954494946793131,0.3648462482734089,1.0
623,2019-05-14,194.358032,1036700,44.10301694194546,0.1110125737282032,1.0
624,2019-05-15,196.899887,711300,50.97459255555513,0.1174855800106797,1.0
625,2019-05-16,198.381805,708600,54.85709844183059,0.2416735184939966,-1.0
626,2019-05-17,197.459274,700300,51.793039524201006,0.2612317321946875,-1.0
627,2019-05-20,186.938583,1287300,29.35474379019918,-0.5815786557286913,1.0
628,2019-05-21,190.147812,736600,39.02436582732959,-0.9744174877970692,-1.0
629,2019-05-22,187.969055,505300,35.10933464222538,-1.4481868236022422,-1.0
630,2019-05-23,187.075974,835500,33.45823321485739,-1.8754629832945968,-1.0
631,2019-05-24,186.271225,432200,31.83918189943232,-2.2542631769761385,1.0
632,2019-05-28,187.439117,665700,37.13671865290444,-2.430425412174202,-1.0
633,2019-05-29,185.054291,1154100,31.1955381698684,-2.7345938139712587,1.0
634,2019-05-30,186.359543,465300,37.73768342404413,-2.835641982741379,-1.0
635,2019-05-31,184.553772,777300,32.5928422495532,-3.0292760752792844,-1.0
636,2019-06-03,183.503632,527300,29.761439468961257,-3.2318187167232395,1.0
637,2019-06-04,186.918945,922600,47.54569838865945,-3.076068413390459,-1.0
638,2019-06-05,185.878647,356400,43.51813600523378,-3.0035463533617133,1.0
639,2019-06-06,189.176208,399300,57.28226474406659,-2.644464359283773,1.0
640,2019-06-07,192.964417,482300,68.02434326168661,-2.0250757387465512,1.0
641,2019-06-10,194.573944,755900,71.6580332789878,-1.3858957569724168,1.0
642,2019-06-11,196.379745,520400,75.41889692515004,-0.7225385318562303,-1.0
643,2019-06-12,193.160706,464500,58.74422431475421,-0.456232494721263,1.0
644,2019-06-13,194.250061,268300,62.14318576859336,-0.1538430411856381,-1.0
645,2019-06-14,188.449951,482300,40.71238352074992,-0.386627144071582,-1.0
646,2019-06-17,186.114212,476400,34.89668905901206,-0.7544597928389578,1.0
647,2019-06-18,191.099777,1358900,52.336102235719096,-0.6288076083365866,1.0
648,2019-06-19,193.160706,358200,57.92687067518119,-0.3556744198137949,1.0
649,2019-06-20,197.910721,431100,68.23243324873313,0.2484687155794347,1.0
650,2019-06-21,198.509384,562900,69.36723268146213,0.7676296482598275,1.0
651,2019-06-24,199.029526,476800,70.4671669443217,1.207910873029249,-1.0
652,2019-06-25,195.339447,535400,53.96945470091187,1.239151366816941,1.0
653,2019-06-26,200.589951,784500,67.11505769533063,1.676287259478869,1.0
654,2019-06-27,201.178818,345100,68.33218245361024,2.047533383251306,1.0
655,2019-06-28,204.064133,405000,73.9921471502085,2.5495909744319647,1.0
656,2019-07-01,210.973267,634200,82.81694558537703,3.4754818510044743,-1.0
657,2019-07-02,210.433487,572400,80.26369981000325,4.117413416968645,-1.0
658,2019-07-03,209.854446,297100,77.1999337855975,4.526363955351172,-1.0
659,2019-07-05,205.850311,428600,58.62874926904275,4.46971405858136,-1.0
660,2019-07-08,204.162277,425300,52.2680019275406,4.237185266997244,-1.0
661,2019-07-09,202.768692,530000,47.19532950806113,3.893441384508293,1.0
662,2019-07-10,204.250626,986500,53.01417124930243,3.70021203629608,1.0
663,2019-07-11,204.8591,269600,55.43393632203359,3.55611334996118,-1.0
664,2019-07-12,204.309494,427400,52.503230522702765,3.358016688588122,-1.0
665,2019-07-15,202.915909,681300,45.22758474700809,3.051268561431584,-1.0
666,2019-07-16,201.188614,639200,37.49884978644777,2.6357680793410623,1.0
667,2019-07-17,213.623077,2050400,74.75946192987197,3.2909083616993087,1.0
668,2019-07-18,222.436096,1750500,83.2515882791339,4.483044635778271,-1.0
669,2019-07-19,219.462433,790500,73.27016251412155,5.124256387426726,1.0
670,2019-07-22,223.505844,787500,77.6437350381961,5.896895949117948,1.0
671,2019-07-23,225.929932,831100,79.9981861454815,6.632076438202319,1.0
672,2019-07-24,229.708344,786500,83.2898433728057,7.439615118388643,-1.0
673,2019-07-25,225.772903,521700,69.08071576356338,7.667634538837859,1.0
674,2019-07-26,226.558014,399700,70.29396248099937,7.822719685470872,1.0
675,2019-07-29,226.675797,325900,70.5022967323377,7.8646495902634115,-1.0
676,2019-07-30,224.094681,462000,59.52298057048523,7.598074050254553,-1.0
677,2019-07-31,218.667511,519500,42.73203239332397,6.861491390130794,-1.0
678,2019-08-01,217.322983,834200,39.42570686257093,6.096915649120632,-1.0
679,2019-08-02,215.821426,555700,35.72165975551235,5.30635742868111,-1.0
680,2019-08-05,208.186066,693900,22.70521164606505,4.005876196955796,1.0
681,2019-08-06,210.89476,481400,33.085117704450795,3.1615000957811503,1.0
682,2019-08-07,211.689682,428700,36.106840558927296,2.528538602316331,1.0
683,2019-08-08,215.939194,627600,50.45809872199738,2.349226610544008,-1.0
684,2019-08-09,211.974304,415100,40.318629086187656,1.8596894704312772,-1.0
685,2019-08-12,210.462921,292000,36.92454203200013,1.3321062926172544,1.0
686,2019-08-13,215.124603,587600,51.90878610957261,1.282494329456796,-1.0
687,2019-08-14,204.839462,914100,31.866208530930532,0.392998160832974,1.0
688,2019-08-15,205.958267,671500,35.13543632031167,-0.2174389873575535,1.0
689,2019-08-16,208.89267,574500,43.64595498900483,-0.454704855742051,1.0
690,2019-08-19,211.679886,329200,50.97714076874362,-0.4088627086844667,-1.0
691,2019-08-20,210.698471,275200,48.32101464481306,-0.4480591722868041,1.0
692,2019-08-21,212.994965,298100,54.91703832176534,-0.2869961375332366,-1.0
693,2019-08-22,211.257858,376100,49.21528498825062,-0.2987334392216212,-1.0
694,2019-08-23,206.586365,591500,36.86389078022832,-0.6842396620347699,1.0
695,2019-08-26,210.01149,296800,48.28338499138154,-0.7000718917369682,1.0
696,2019-08-27,210.090012,359700,48.53942024614776,-0.6981161071249176,1.0
697,2019-08-28,211.73877,317500,54.24729374773235,-0.5546115225186554,1.0
698,2019-08-29,215.654572,370300,65.2365778487776,-0.1175677992798682,1.0
699,2019-08-30,218.471222,357600,71.20613000171316,0.4551307280357264,-1.0
700,2019-09-03,215.929382,598700,60.0409441404197,0.6920300331629505,1.0
701,2019-09-04,223.044571,432700,73.82662651734297,1.4480960980556574,1.0
702,2019-09-05,232.681992,982300,83.23023307075937,2.8073142161561577,1.0
703,2019-09-06,234.124664,872100,84.24692225091033,3.957501628159008,1.0
704,2019-09-09,236.843201,536700,86.14614356085,5.034514858324656,1.0
705,2019-09-10,237.176849,735500,86.38786275343772,5.848077441977836,1.0
706,2019-09-11,240.680496,782500,88.84109441494861,6.703626150629418,1.0
707,2019-09-12,242.240936,828000,89.82149738369996,7.424370612956125,1.0
708,2019-09-13,244.360764,934000,91.0966849039552,8.076756164773855,-1.0
709,2019-09-16,241.632462,398900,76.32789758172986,8.274075418593753,1.0
710,2019-09-17,243.48732,730000,79.09311863881123,8.485147968810537,1.0
711,2019-09-18,245.145889,519400,81.42175057351035,8.688635135290241,-1.0
712,2019-09-19,244.949585,394700,80.15393004712749,8.733092440819433,-1.0
713,2019-09-20,241.220261,819500,59.15309654938193,8.365267099672025,1.0
714,2019-09-23,243.860245,296100,66.58924527947332,8.19634130703892,-1.0
715,2019-09-24,241.809113,605600,56.926936994981965,7.803863032958418,1.0
716,2019-09-25,242.927902,518300,60.66303359545449,7.4983730685596015,1.0
717,2019-09-26,243.428421,615100,62.41323778229753,7.214260816468709,-1.0
718,2019-09-27,239.178925,564500,42.9457251442684,6.564039960084443,1.0
719,2019-09-30,243.801361,495000,59.45386246375213,6.355529568785272,-1.0
720,2019-10-01,240.827682,655300,48.59866197204013,5.878029717268419,-1.0
721,2019-10-02,235.822495,710100,35.5050965857622,5.030095967877514,1.0
722,2019-10-03,239.807053,531000,48.70683419358003,4.632313059176624,1.0
723,2019-10-04,241.465591,518000,53.4648313473996,4.402683668494404,1.0
724,2019-10-07,242.819962,515900,57.34223743760155,4.282687437407304,-1.0
725,2019-10-08,237.579239,576700,41.34554394168826,3.713885154505334,1.0
726,2019-10-09,241.691345,431300,53.54727234607988,3.560164036510855,1.0
727,2019-10-10,246.814285,835700,64.56690336586927,3.81556592940396,1.0
728,2019-10-11,255.166061,1034300,75.79843965018613,4.651044894725828,1.0
729,2019-10-14,256.775574,731800,77.45135377186153,5.383446478442693,1.0
730,2019-10-15,262.565918,1265400,82.58581676993091,6.36657035766882,-1.0
731,2019-10-16,249.738892,1720200,51.44530116973332,6.021648880052055,-1.0
732,2019-10-17,249.042053,1543900,50.21109577224269,5.626149820608134,1.0
733,2019-10-18,249.689804,1640900,51.50878276108568,5.304820029640808,1.0
734,2019-10-21,255.588089,790400,62.25790174142974,5.472041930966839,-1.0
735,2019-10-22,250.543625,797300,50.71929771428542,5.130668298889333,1.0
736,2019-10-23,252.869568,917100,55.30289710990719,4.993801877188844,1.0
737,2019-10-24,260.043701,642300,66.7494884768796,5.412794590931298,-1.0
738,2019-10-25,259.081848,550500,64.10826104640451,5.601203451089276,1.0
739,2019-10-28,261.555054,683000,68.01375043127912,5.88601308852256,-1.0
740,2019-10-29,259.680542,501900,61.88877458739172,5.889712478665189,1.0
741,2019-10-30,260.710999,494700,64.02589484749527,5.90925135722523,-1.0
742,2019-10-31,257.099457,630600,51.80753570984598,5.563657004447748,1.0
743,2019-11-01,265.569,617600,68.64582352297967,5.917922146807882,1.0
744,2019-11-04,269.265259,664600,72.1381616039009,6.333850527325808,-1.0
745,2019-11-05,267.904999,382700,67.32488427818927,6.477453839385987,-1.0
746,2019-11-06,264.888855,909500,57.17415394984505,6.272044014482901,-1.0
747,2019-11-07,263.814453,560900,53.71251199495549,5.952682858054686,-1.0
748,2019-11-08,263.459656,743400,52.45387434917056,5.605917531986449,-1.0
749,2019-11-11,262.897858,451700,50.21792574740346,5.224879472736575,1.0
750,2019-11-12,263.755341,336100,53.82309853309454,4.936203905258822,1.0
751,2019-11-13,266.052002,422800,62.54134030751407,4.839650854895865,-1.0
752,2019-11-14,265.864716,539200,61.4068487695805,4.693694307119813,1.0
753,2019-11-15,271.029572,667900,75.88420356286458,4.94385639296911,-1.0
754,2019-11-18,269.551086,430700,67.22192813470745,4.963853965723217,-1.0
755,2019-11-19,267.6586,465200,57.19372451533244,4.769790013143393,-1.0
756,2019-11-20,265.016998,408800,45.75955329879897,4.349600409120512,-1.0
757,2019-11-21,263.2034,652100,39.28835609683339,3.824043626377545,-1.0
758,2019-11-22,262.404968,616000,36.55733122272933,3.304088544440731,1.0
759,2019-11-25,267.264313,409800,57.92083604004921,3.2523386934140035,1.0
760,2019-11-26,267.579773,445600,58.99633056704808,3.200257873453836,1.0
761,2019-11-27,267.58963,383300,59.035631531769845,3.123782155554011,-1.0
762,2019-11-29,266.741943,267600,53.7265083253877,2.9596613605548896,-1.0
763,2019-12-02,261.783997,764600,32.937263364685094,2.396094876033601,-1.0
764,2019-12-03,261.044769,929800,30.804517441720904,1.8674191986903568,1.0
765,2019-12-04,265.894257,447100,54.16690108669304,1.824413226997649,1.0
766,2019-12-05,269.915802,639200,65.69326599583812,2.095397024366548,1.0
767,2019-12-06,276.076202,724600,76.53905641790624,2.7824025975260724,-1.0
768,2019-12-09,273.54303,427200,66.21040517362745,3.0839317320809414,1.0
769,2019-12-10,275.110229,380000,69.2873568438917,3.411865273603098,1.0
770,2019-12-11,279.969635,465600,77.05995484926376,4.023189874241723,1.0
771,2019-12-12,283.123779,856800,80.837290235413,4.711568716631064,1.0
772,2019-12-13,285.735779,723000,83.53202110751738,5.40860178441045,1.0
773,2019-12-16,288.771637,552800,86.23225459932777,6.13877071461468,1.0
774,2019-12-17,290.614838,401100,87.70147513641129,6.790056278568216,-1.0
775,2019-12-18,287.973267,478500,74.10183477234008,7.00915465171056,-1.0
776,2019-12-19,287.638123,410100,72.39284676890622,7.073814247172948,1.0
777,2019-12-20,289.382782,824600,75.86944211074905,7.185055910316692,1.0
778,2019-12-23,291.89624,424900,80.18372512382905,7.393750399556836,-1.0
779,2019-12-24,290.703583,219500,72.77482818983376,7.376472242698753,1.0
780,2019-12-26,292.093353,191300,75.8899399542693,7.391351735272053,1.0
781,2019-12-27,292.41864,317000,76.64063166440934,7.345103671216691,-1.0
782,2019-12-30,290.664154,338900,63.78615992641992,7.083170405404417,1.0
783,2019-12-31,291.699127,298900,67.62935291185624,6.880991790817518,1.0
784,2020-01-02,298.490356,573600,82.36572951984547,7.19380231453647,-1.0
785,2020-01-03,293.680298,410800,59.38756187609994,6.96761537654379,-1.0
786,2020-01-06,291.344238,617600,51.08225833822757,6.5219385404920445,1.0
787,2020-01-07,294.50827,477700,60.141932523394566,6.354507577311949,1.0
788,2020-01-08,297.563843,536900,67.18490001224383,6.398207357415117,-1.0
789,2020-01-09,297.061127,579700,64.9201696884949,6.318846474505563,-1.0
790,2020-01-10,291.935638,447700,45.96341442165089,5.769843726077738,1.0
791,2020-01-13,297.130127,405700,60.124091735596615,5.694360538835724,1.0
792,2020-01-14,298.214355,609600,62.58021250985696,5.658075665197771,-1.0
793,2020-01-15,295.779755,505300,53.67214942774397,5.368130733826774,1.0
794,2020-01-16,296.765411,547500,56.66876759654549,5.159562702310154,-1.0
795,2020-01-17,295.740326,743900,52.43600192611861,4.854395057078477,-1.0
796,2020-01-21,294.12381,573000,45.94222459247679,4.429155448340566,-1.0
797,2020-01-22,292.004639,1108600,38.45109647572478,3.874006313878169,-1.0
798,2020-01-23,290.102325,713000,32.70639333385148,3.2409526351526097,1.0
799,2020-01-24,291.590668,977800,40.984343582999536,2.828490720080993,-1.0
800,2020-01-27,280.206177,889100,19.249417145605733,1.5517367214342244,1.0
801,2020-01-28,286.021637,1636100,39.05988538661139,1.0044020647003435,1.0
802,2020-01-29,291.89624,965500,53.02869108122829,1.0395757887441164,-1.0
803,2020-01-30,290.161438,794100,49.04488450273634,0.9148868740918488,-1.0
804,2020-01-31,276.638062,1272600,28.80315403587271,-0.2877029464942211,1.0
805,2020-02-03,284.030548,823200,43.97185890542043,-0.6283336840304514,1.0
806,2020-02-04,294.941986,795300,59.32207301235624,-0.0049716386923819,1.0
807,2020-02-05,301.930328,1042000,66.39758748429367,1.0490578115148423,1.0
808,2020-02-06,305.114044,698000,69.31538477316965,2.120571588041741,-1.0
809,2020-02-07,300.59967,1775900,60.392358505069495,2.570555537308792,1.0
810,2020-02-10,305.242188,373000,65.82194814701165,3.2695388418649145,1.0
811,2020-02-11,311.481506,789900,72.01003421870165,4.284874253219527,1.0
812,2020-02-12,312.890991,656100,73.31955411767281,5.145607920198529,-1.0
813,2020-02-13,312.703705,742200,72.7766692692941,5.74617564310006,-1.0
814,2020-02-14,311.767303,661400,69.68100075700704,6.075437994169931,-1.0
815,2020-02-18,304.749329,757100,50.40015790637709,5.696194502909293,1.0
816,2020-02-19,312.841705,1093900,64.13282027872432,5.989083043911307,-1.0
817,2020-02-20,308.977875,1118400,55.35204848788528,5.837594794908227,-1.0
818,2020-02-21,301.614899,1134600,42.154099262566135,5.056484607855509,-1.0
819,2020-02-24,286.238495,1347400,26.387083585319672,3.142435012781732,-1.0
820,2020-02-25,280.511749,1166700,22.607867321516764,1.1435366575212242,1.0
821,2020-02-26,282.21698,861100,26.37565089313871,-0.2975769787371973,-1.0
822,2020-02-27,273.257263,1373900,20.180879365770224,-2.148391309381452,-1.0
823,2020-02-28,272.744659,1647400,19.86065579694801,-3.6154595022294416,1.0
824,2020-03-02,283.370178,1081300,42.54105799228194,-3.863727146173233,-1.0
825,2020-03-03,280.225861,1916300,38.65618000623841,-4.268680848451993,1.0
826,2020-03-04,297.287811,1289500,61.53131682205236,-3.156451870482954,-1.0
827,2020-03-05,284.119293,1453900,45.73565003974719,-3.314830228250912,-1.0
828,2020-03-06,283.981262,1148400,45.5884707784821,-3.412309280881118,-1.0
829,2020-03-09,260.128113,1759600,27.340365316598707,-5.3802778573762,1.0
830,2020-03-10,275.750946,1699200,44.72870299970015,-5.596431928905133,-1.0
831,2020-03-11,260.354797,1175900,34.86239302284265,-6.948045894588404,-1.0
832,2020-03-12,237.299973,2779800,24.966467712459533,-9.793692837564322,1.0
833,2020-03-13,253.267838,2637200,39.28934349241909,-10.619270620949294,-1.0
834,2020-03-16,226.073196,1496800,28.263376996944203,-13.345986050997908,1.0
835,2020-03-17,234.924515,1642500,35.34965535734494,-14.613857672249653,-1.0
836,2020-03-18,194.167084,3131900,22.86774255107774,-18.739239476110725,1.0
837,2020-03-19,210.962875,1634600,34.33377744043294,-20.39850786972144,1.0
838,2020-03-20,213.00322,2316700,35.72658845213762,-21.30091408272449,1.0
839,2020-03-23,229.808884,1731500,46.86587127356249,-20.405069034989253,1.0
840,2020-03-24,256.48111,1427600,60.05173796499942,-17.312027495766586,1.0
841,2020-03-25,258.314453,1211300,60.853052829284586,-14.543038945141774,1.0
842,2020-03-26,271.946259,1018600,66.79576998609684,-11.104624007243274,-1.0
843,2020-03-27,248.999878,1518300,51.12023328182834,-10.141254685445404,1.0
844,2020-03-30,264.189026,1142400,58.80035306000258,-8.041620228931947,-1.0
845,2020-03-31,257.890625,881800,54.53648026692774,-6.814707395721399,-1.0
846,2020-04-01,245.441605,715700,46.53312589452312,-6.78331338228611,-1.0
847,2020-04-02,243.736404,788600,45.43710729828136,-6.819419595323552,-1.0
848,2020-04-03,241.10466,571700,43.537908860369846,-6.982985048896239,1.0
849,2020-04-06,267.244629,807600,62.3133773979046,-4.916000568944355,1.0
850,2020-04-07,268.683685,768200,63.12348286101683,-3.124078967056789,1.0
851,2020-04-08,274.58786,891700,66.65265500136746,-1.2067157066940697,-1.0
852,2020-04-09,272.843231,728900,64.46503048683158,0.1680480181678376,-1.0
853,2020-04-13,270.172089,789400,60.79872628562518,1.0270453294622826,1.0
854,2020-04-14,284.78952,1700600,71.45826982402775,2.8713636066364074,-1.0
855,2020-04-15,278.441803,1487600,62.58944502361676,3.769887788392396,1.0
856,2020-04-16,288.209808,1212000,69.56470110398146,5.221439671097016,1.0
857,2020-04-17,291.413239,899100,71.64527088053718,6.558451092918631,-1.0
858,2020-04-20,287.401581,510100,64.97081216448701,7.206554057674339,-1.0
859,2020-04-21,277.06189,663700,50.43805391629718,6.795392664731651,1.0
860,2020-04-22,290.742981,596100,63.427268778875366,7.503054164110097,-1.0
861,2020-04-23,285.252808,730500,56.31939226592344,7.527653878277135,1.0
862,2020-04-24,289.11441,464200,58.74941143837274,7.65578596341345,-1.0
863,2020-04-27,288.183167,689100,57.27636540013226,7.593943010589555,1.0
864,2020-04-28,288.698364,532000,57.97585833497254,7.500432890735112,1.0
865,2020-04-29,300.873566,968000,71.30148632056454,8.322092063034518,-1.0
866,2020-04-30,285.736237,846300,48.40272166943099,7.652086251439584,-1.0
867,2020-05-01,276.453766,862800,39.150464469915256,6.292485672538248,1.0
868,2020-05-04,280.535278,1036900,44.72542622879508,5.484222875136538,1.0
869,2020-05-05,285.656982,821600,51.426714459444085,5.200892969763288,1.0
870,2020-05-06,289.173859,552400,55.838304340681226,5.202831340541877,1.0
871,2020-05-07,296.791992,570800,64.27308795945831,5.758505934849438,1.0
872,2020-05-08,301.557098,680600,68.7526998940341,6.511943067884147,-1.0
873,2020-05-11,301.547211,513600,68.73124519151598,7.027236592992381,-1.0
874,2020-05-12,293.85968,481700,53.23057705405138,6.7318419862482415,-1.0
875,2020-05-13,291.482117,1142300,49.11929343020645,6.232238804482904,1.0
876,2020-05-14,299.724365,1296800,61.49190792630981,6.4334910147295545,-1.0
877,2020-05-15,289.807892,957200,45.51329945998899,5.71933426760404,1.0
878,2020-05-18,302.042542,997000,60.65125236076137,6.079817815951799,1.0
879,2020-05-19,303.389801,687400,62.04472045726947,6.401451105216268,1.0
880,2020-05-20,322.598755,1084900,76.36490758215594,8.127273812130397,-1.0
881,2020-05-21,316.010834,639200,66.1010373461205,8.856309279802417,1.0
882,2020-05-22,316.37738,365400,66.40253067813725,9.3560795831944,1.0
883,2020-05-26,316.872742,540400,66.88020764823379,9.680901563536338,-1.0
884,2020-05-27,315.555145,808100,63.97679651015372,9.718972305245416,1.0
885,2020-05-28,316.981689,797900,65.90015652484567,9.75291424470123,1.0
886,2020-05-29,326.432587,649500,76.06135199345948,10.429388969406546,-1.0
887,2020-06-01,323.678589,526100,68.88364625906053,10.618770796803515,1.0
888,2020-06-02,331.603882,717200,76.53141978784588,11.28431187756405,1.0
889,2020-06-03,343.065765,693900,83.54871672390254,12.6001121787005,1.0
890,2020-06-04,349.812164,884600,86.41728557451032,14.030666452483215,1.0
891,2020-06-05,353.883789,899200,87.9402247231351,15.319441972370155,-1.0
892,2020-06-08,345.98822,1001700,69.74341349270145,15.518802291684722,1.0
893,2020-06-09,346.067444,737200,69.81862581648754,15.504524555629873,-1.0
894,2020-06-10,344.670654,997900,66.33078118392193,15.204171998257891,-1.0
895,2020-06-11,329.781036,919300,40.46976517534399,13.596611926262597,1.0
896,2020-06-12,339.865967,845000,54.79462315675635,12.99425952881603,1.0
897,2020-06-15,346.74118,598200,62.229859775209285,12.927866755559364,1.0
898,2020-06-16,348.762085,863900,64.3009924236197,12.891256796391872,1.0
899,2020-06-17,359.02533,710400,73.24265881135732,13.54210489338152,-1.0
900,2020-06-18,355.52829,494700,66.43845596195041,13.616107272579823,1.0
901,2020-06-19,357.301575,786900,68.23416145403247,13.66170969192234,1.0
902,2020-06-22,360.887787,554500,71.88479914442436,13.83052369349366,1.0
903,2020-06-23,363.215851,604100,74.19502274511918,13.992637436109362,-1.0
904,2020-06-24,358.203064,613500,61.20117481950962,13.55654041467028,1.0
905,2020-06-25,363.126648,465100,67.83965304230817,13.456845786310112,-1.0
906,2020-06-26,358.381409,493000,56.63295929293753,12.843276584189596,1.0
907,2020-06-29,361.402924,612800,61.49339272471732,12.459501732565968,1.0
908,2020-06-30,364.592834,678600,66.28110137770679,12.273700982917036,-1.0
909,2020-07-01,364.156952,516600,64.95676674841447,11.953159404326982,1.0
910,2020-07-02,369.734375,449400,73.18374768877283,12.01492170709173,1.0
911,2020-07-06,381.860046,752900,83.3695297551871,12.902798249632838,-1.0
912,2020-07-07,378.452179,410900,73.90248912585837,13.176971469576642,1.0
913,2020-07-08,388.269623,599300,81.259293758351,14.03215626047762,1.0
914,2020-07-09,391.033569,644200,82.88889400668302,14.764826962631105,1.0
915,2020-07-10,392.153046,667200,83.58272295943196,15.260739427707108,-1.0
916,2020-07-13,384.99054,1083600,63.73913009411629,14.898610260143244,1.0
917,2020-07-14,393.12384,880100,72.60251349838174,15.100034231309508,-1.0
918,2020-07-15,371.923737,1640300,41.14474729803226,13.37864284425956,1.0
919,2020-07-16,381.622284,2240900,52.45414605759488,12.658480511451105,-1.0
920,2020-07-17,380.007538,1048700,50.51477957038062,11.819965686470653,1.0
921,2020-07-20,387.823853,972600,59.26332384870253,11.657712069332431,-1.0
922,2020-07-21,380.235382,823700,49.14184143332771,10.786684419787376,1.0
923,2020-07-22,388.93338,710100,58.81636364004165,10.681728951684647,-1.0
924,2020-07-23,380.641571,990800,48.30472373187997,9.810077870388398,-1.0
925,2020-07-24,364.246094,1628900,33.92043863596932,7.695135241220214,1.0
926,2020-07-27,378.214417,1080300,49.34255659339636,7.075221862342346,-1.0
927,2020-07-28,372.845032,502000,44.5468139015975,6.076539643992589,-1.0
928,2020-07-29,361.214691,1446700,35.56266255652123,4.288324576692958,-1.0
929,2020-07-30,359.342346,1010400,34.229058192203496,2.687663625655432,-1.0
930,2020-07-31,350.416504,954900,28.183045524311567,0.6842086511883281,1.0
931,2020-08-03,363.186096,862400,44.89341205226199,0.1350137777320128,1.0
932,2020-08-04,366.871368,833400,49.00280194244617,-5.342828347920658e-05,-1.0
933,2020-08-05,365.068359,591300,46.947433635231015,-0.2510580548963617,1.0
934,2020-08-06,365.781677,402100,47.98319769923983,-0.3874170637253087,-1.0
935,2020-08-07,362.651154,572500,43.50942827427771,-0.7419161268963421,-1.0
936,2020-08-10,361.997314,547900,42.51591099958995,-1.0638524854845173,-1.0
937,2020-08-11,357.935608,627000,36.33153821348361,-1.631024156908552,1.0
938,2020-08-12,371.30954,565400,59.56901657868666,-0.979879179740351,-1.0
939,2020-08-13,371.26001,470700,59.472568279569245,-0.4625437910218011,-1.0
940,2020-08-14,367.634186,543900,52.06587501884594,-0.3439190187662575,1.0
941,2020-08-17,374.974976,428200,63.200344852003845,0.3440513528728957,-1.0
942,2020-08-18,373.697021,466500,60.27538264482887,0.7762319648081757,-1.0
943,2020-08-19,371.438324,354400,54.88773389305969,0.9241087979219742,-1.0
944,2020-08-20,368.694183,498200,48.55981433652941,0.8084677777357001,-1.0
945,2020-08-21,368.644653,605400,48.43880785906134,0.7046624909489196,1.0
946,2020-08-24,374.459808,590700,61.83290312350861,1.0835649301791932,1.0
947,2020-08-25,377.273315,378200,66.83479716139163,1.5946299645598287,1.0
948,2020-08-26,382.315765,417600,74.12721971972375,2.382906581643681,-1.0
949,2020-08-27,372.70636,636100,49.325029325828325,2.199556460194969,1.0
950,2020-08-28,375.925995,490200,55.33377607244379,2.2900991689152197,-1.0
951,2020-08-31,370.685425,533300,44.92824866123125,1.912944252170007,1.0
952,2020-09-01,383.286591,634500,64.29957155352908,2.610353508256537,1.0
953,2020-09-02,394.768372,904300,74.216045996937,4.05156723871454,-1.0
954,2020-09-03,372.646912,1258500,45.19306262736543,3.353242164415746,-1.0
955,2020-09-04,363.988525,1206300,38.18032430193894,2.070700534530204,-1.0
956,2020-09-08,344.105957,1541000,26.744487942927396,-0.5587637001041799,1.0
957,2020-09-09,356.013733,847300,39.72036508468394,-1.6536580525942668,-1.0
958,2020-09-10,353.665863,678600,38.122633163159016,-2.6816955874217,1.0
959,2020-09-11,355.875031,678700,40.81090511571337,-3.2786848516036,1.0
960,2020-09-14,364.503662,575700,50.82434848877455,-3.014233456286206,1.0
961,2020-09-15,366.792145,717100,53.33676552595242,-2.5884186086012164,-1.0
962,2020-09-16,358.995636,973900,44.12100638096293,-2.8531112081802235,1.0
963,2020-09-17,363.31488,901000,49.87834327180784,-2.680172290948008,-1.0
964,2020-09-18,362.91861,912200,49.318925319231774,-2.5460439165815387,-1.0
965,2020-09-21,359.233368,657900,43.83247782608664,-2.708695054424481,1.0
966,2020-09-22,361.234528,971200,47.628807702372754,-2.6441187657895284,-1.0
967,2020-09-23,354.220642,709800,37.08614624047643,-3.12818008078159,1.0
968,2020-09-24,356.796356,768400,42.67761729661408,-3.264373736906066,1.0
969,2020-09-25,357.113342,724100,43.42030590391133,-3.308349704104444,1.0
970,2020-09-28,367.594513,821900,62.62976856963959,-2.461114251577726,1.0
971,2020-09-29,370.50708,608800,66.4303117223427,-1.534748831488912,-1.0
972,2020-09-30,365.821259,867800,55.52780930837017,-1.1687967578411644,1.0
973,2020-10-01,378.442291,891600,70.94186392546854,0.147535422456599,-1.0
974,2020-10-02,366.544434,711600,50.96078449007836,0.219105017590607,1.0
975,2020-10-05,378.541321,649900,63.42536858144253,1.2387198283926182,-1.0
976,2020-10-06,366.653381,686600,48.70479104429267,1.0661819185834247,1.0
977,2020-10-07,372.290253,550900,54.68864997799211,1.3727557964414243,1.0
978,2020-10-08,377.332733,686700,59.73132230943003,2.00334710477523,1.0
979,2020-10-09,385.357086,539300,66.78925086202318,3.1207218095407256,1.0
980,2020-10-12,395.313232,840300,73.66233434989056,4.762304967866555,1.0
981,2020-10-13,401.36618,1027900,77.11723770808904,6.481580548117677,-1.0
982,2020-10-14,394.312683,954800,65.16396295126191,7.186750355458344,-1.0
983,2020-10-15,382.959686,786200,50.150082301677045,6.743146137785573,1.0
984,2020-10-16,383.286591,594500,50.5438135274303,6.345071754847822,-1.0
985,2020-10-19,381.711456,392700,48.336368588043165,5.834044318017959,-1.0
986,2020-10-20,381.364716,356800,47.78508359804072,5.339261074712226,-1.0
987,2020-10-21,379.423035,359100,44.38349171006923,4.7344115470543215,-1.0
988,2020-10-22,371.993073,611700,33.449705310556595,3.608282583253356,1.0
989,2020-10-23,375.024475,467600,40.61254099392019,2.9289701861643493,-1.0
990,2020-10-26,364.057861,900400,27.679487205839635,1.4802892347565262,-1.0
991,2020-10-27,362.948364,968700,26.64916303099662,0.2390690678727765,-1.0
992,2020-10-28,359.4711,953100,23.376714407580398,-1.016122106385069,1.0
993,2020-10-29,367.396393,808800,42.6410267539792,-1.349777617767927,-1.0
994,2020-10-30,357.836548,821100,31.26348513334841,-2.365606641013528,1.0
995,2020-11-02,363.20285,893200,39.31727097472944,-2.815437281550544,1.0
996,2020-11-03,370.015228,813500,51.09317611073685,-2.5893446348879934,1.0
997,2020-11-04,380.895111,2451500,64.35126553296496,-1.5099916081879314,1.0
998,2020-11-05,396.001617,1115500,75.44315844416684,0.5646012829097913,1.0
999,2020-11-06,404.007385,710700,79.4995790312773,2.8257246559018654,1.0
1000,2020-11-09,404.096863,1273700,79.54490905336152,4.5722373195748105,-1.0
1001,2020-11-10,397.10553,1323100,65.88837675273876,5.327684787471583,1.0
1002,2020-11-11,415.752472,933300,77.9851768254509,7.354571723430922,-1.0
1003,2020-11-12,410.451782,800800,69.56942959344221,8.43359162227739,1.0
1004,2020-11-13,417.284027,582700,73.92217705845349,9.730902065849024,1.0
1005,2020-11-16,424.165985,547300,77.76629735161958,11.188443820033685,-1.0
1006,2020-11-17,424.136169,524600,77.70670847453367,12.20049577194436,-1.0
1007,2020-11-18,421.480804,543600,71.82833189192567,12.641384489003258,-1.0
1008,2020-11-19,421.033264,914100,70.7459183679003,12.80685028739407,1.0
1009,2020-11-20,421.262024,484000,71.01383090850071,12.808890177445107,1.0
1010,2020-11-23,424.80246,596000,75.22748655307981,12.948506567913,-1.0
1011,2020-11-24,421.938293,610400,65.92417328075675,12.680587311807642,-1.0
1012,2020-11-25,421.152649,308200,63.34559389203274,12.263152757174623,1.0
1013,2020-11-27,435.364075,432500,80.17663543746755,12.936293128819102,-1.0
1014,2020-11-30,435.324341,508500,80.053229966541,13.31307103675914,1.0
1015,2020-12-01,446.771057,685100,86.97793375011491,14.374726457091016,1.0
1016,2020-12-02,448.521393,1050700,87.75778280497087,15.183092880916943,1.0
1017,2020-12-03,450.41095,677900,88.63915552527375,15.79496817159628,1.0
1018,2020-12-04,461.83783,660800,92.53781541913474,17.01094087886247,1.0
1019,2020-12-07,467.148468,632900,93.73654229001107,18.1957517591552,-1.0
1020,2020-12-08,465.994812,738800,89.96909315551143,18.82412746583293,-1.0
1021,2020-12-09,450.401001,868800,54.46276561362181,17.851099071169244,1.0
1022,2020-12-10,455.283997,539300,60.34361488913436,17.277002316704284,-1.0
1023,2020-12-11,450.142426,512100,51.87817811091343,16.217902200622632,1.0
1024,2020-12-14,450.500458,546100,52.43571747255311,15.232020261235334,1.0
1025,2020-12-15,466.720825,639200,70.8179957825112,15.587103821416347,1.0
1026,2020-12-16,468.938568,524900,72.55806853266454,15.865564994533486,1.0
1027,2020-12-17,474.676849,477300,76.84499800592087,16.36321244361926,-1.0
1028,2020-12-18,474.617188,730700,76.6954968457043,16.561845647961434,-1.0
1029,2020-12-21,469.664551,622800,64.24611227760064,16.131467609791173,1.0
1030,2020-12-22,473.563019,431300,68.99932260687929,15.923147647010635,-1.0
1031,2020-12-23,472.011566,389200,64.88026844692024,15.454029344011474,1.0
1032,2020-12-24,480.435028,271900,74.71489874221533,15.586041814949285,-1.0
1033,2020-12-28,477.600677,449300,67.12501999668896,15.284500772921149,1.0
1034,2020-12-29,481.349976,377200,71.6900700723501,15.174810659959803,1.0
1035,2020-12-30,487.217529,381900,77.54564769831308,15.386593589577444,-1.0
1036,2020-12-31,485.039581,312700,71.00398623522219,15.202473496376683,1.0
1037,2021-01-04,497.252075,1527600,81.50328216383306,15.86457336071942,1.0
1038,2021-01-05,502.582611,1029900,84.45205526747802,16.630096862860057,-1.0
1039,2021-01-06,487.525848,977900,54.82588901612206,15.832601203706872,1.0
1040,2021-01-07,498.674225,936200,65.56044143439132,15.921598539655804,1.0
1041,2021-01-08,505.944061,734500,70.9602707423152,16.393016742582574,-1.0
1042,2021-01-11,505.158417,703000,69.54618797507302,16.51252829481774,1.0
1043,2021-01-12,511.10553,651700,74.21396577355922,16.895021262582418,1.0
1044,2021-01-13,511.234833,513700,74.31666364639894,17.012530154562285,1.0
1045,2021-01-14,541.656738,1450300,87.91115170524587,19.35095053255725,-1.0
1046,2021-01-15,524.600952,869200,64.82623352628002,19.59442953488883,1.0
1047,2021-01-19,546.480042,1504000,74.95148052040909,21.316876849708308,-1.0
1048,2021-01-20,546.360718,1121900,74.81052853791779,22.41387298696344,1.0
1049,2021-01-21,567.603271,1272100,82.02943890361533,24.72184457043147,-1.0
1050,2021-01-22,566.320435,901600,80.36043452099558,26.14544976465368,-1.0
1051,2021-01-25,564.49054,966500,77.65594331309894,26.81607333545844,-1.0
1052,2021-01-26,545.982788,887700,55.13547227853809,25.55133717770775,-1.0
1053,2021-01-27,521.746765,1506800,37.87518018455445,22.3252185107782,1.0
1054,2021-01-28,544.212585,968600,53.92098793330928,21.345262785852924,-1.0
1055,2021-01-29,531.224304,867300,45.72727822193392,19.292417146258003,1.0
1056,2021-02-01,551.343201,849600,57.680783368286605,19.077998218982543,-1.0
1057,2021-02-02,550.458069,721600,57.01779504860463,18.6215947492484,-1.0
1058,2021-02-03,539.926208,635400,48.979402713287726,17.207013298610605,1.0
1059,2021-02-04,552.38739,554500,57.48879345992362,16.90217814157404,-1.0
1060,2021-02-05,549.771851,461700,55.17112993605348,16.260928874476235,1.0
1061,2021-02-08,560.900391,716900,62.82342298288188,16.465865603963948,1.0
1062,2021-02-09,562.39209,483300,63.816953634991,16.558441496252385,1.0
1063,2021-02-10,563.774475,458600,64.86121237125238,16.553156665466986,1.0
1064,2021-02-11,588.259155,975400,78.220830091829,18.32436437165541,1.0
1065,2021-02-12,594.703552,732400,80.55571840317334,20.020159533237237,1.0
1066,2021-02-16,599.825317,621600,82.35938185476428,21.53145221500949,-1.0
1067,2021-02-17,584.35083,825100,61.631754941596455,21.228887356397763,-1.0
1068,2021-02-18,579.278809,716800,56.08047388952369,20.34306991610208,1.0
1069,2021-02-19,591.133301,821500,64.93797888364469,20.368110247310938,-1.0
1070,2021-02-22,575.320618,753400,49.09071511872307,18.88723554102364,-1.0
1071,2021-02-23,572.903992,1004800,46.987765815026535,17.317921323379437,1.0
1072,2021-02-24,591.739929,1023000,62.15220351562354,17.40192983863392,-1.0
1073,2021-02-25,556.693604,1288900,37.92808106788546,14.458268591740648,1.0
1074,2021-02-26,563.973389,946500,43.42446611467542,12.571146878741729,1.0
1075,2021-03-01,580.342957,679500,54.33536477525574,12.262417104981978,-1.0
1076,2021-03-02,560.045105,696100,42.21981640197195,10.252646164230327,-1.0
1077,2021-03-03,540.612427,1006900,33.610010212457354,7.002450479433605,-1.0
1078,2021-03-04,507.694397,1702500,23.760476362037707,1.7357469374484251,1.0
1079,2021-03-05,524.143494,1370100,35.15535366854361,-1.0909398938783852,-1.0
1080,2021-03-08,499.430054,1180700,27.69305483117536,-5.275482478036224,1.0
1081,2021-03-09,536.554932,1240500,47.703850280783264,-5.51595762541865,-1.0
1082,2021-03-10,520.453918,876500,41.69805997702417,-6.933014374787604,1.0
1083,2021-03-11,541.408081,1009700,51.27759529093098,-6.283437031702988,-1.0
1084,2021-03-12,534.675293,714900,48.22254729346563,-6.242961289608729,1.0
1085,2021-03-15,544.182739,582400,52.97053454742208,-5.377483824553679,1.0
1086,2021-03-16,546.360718,651600,54.12690011705708,-4.463420228575387,1.0
1087,2021-03-17,556.49469,841400,59.66452003896988,-2.88353069635798,-1.0
1088,2021-03-18,536.226746,790000,46.26165883421523,-3.23862014323754,1.0
1089,2021-03-19,544.411438,1404600,51.53718518313651,-2.8233940729212463,1.0
1090,2021-03-22,572.824463,1216800,65.60368898176819,-0.1868101936372568,-1.0
1091,2021-03-23,555.798523,866300,54.27559899057574,0.5153207111422944,1.0
1092,2021-03-24,575.400269,2121400,63.08253797993316,2.631860118463805,1.0
1093,2021-03-25,580.790405,1088900,65.28871193847004,4.69248809720898,1.0
1094,2021-03-26,622.231384,1933600,77.62487373671503,9.577565777454195,-1.0
1095,2021-03-29,604.658569,1214900,65.73678955296535,11.886188498131103,-1.0
1096,2021-03-30,597.985413,1071600,61.44843347494002,13.024210943127173,1.0
1097,2021-03-31,613.967102,1579600,67.53498525909956,15.049337793843392,1.0
1098,2021-04-01,633.598633,1908300,73.66400651775629,18.03917335159724,1.0
1099,2021-04-05,636.969971,1529800,74.65025184777267,20.44649094981924,-1.0
1100,2021-04-06,624.548584,1281900,64.04622883761886,21.10320506865628,-1.0
1101,2021-04-07,623.116516,820600,62.81180887765702,21.262360357560965,1.0
1102,2021-04-08,636.363342,865900,69.36570889170355,22.20731323225766,-1.0
1103,2021-04-09,630.833923,631100,63.73903590018392,22.251053527450157,-1.0
1104,2021-04-12,626.965271,739500,59.67500425962449,21.72143522280101,-1.0
1105,2021-04-13,625.662476,710500,58.17602256171197,20.95445311832896,1.0
1106,2021-04-14,627.522217,718000,59.901400097442725,20.263917416895534,1.0
1107,2021-04-15,638.561218,980400,69.00828170417672,20.377444620423148,1.0
1108,2021-04-16,642.141418,605200,71.52513797159395,20.52134633691435,-1.0
1109,2021-04-19,626.647034,1138900,50.30756363481837,19.15737799129454,-1.0
1110,2021-04-20,613.549438,988000,38.67107795113095,16.81982719069424,1.0
1111,2021-04-21,651.887573,2160900,66.16284565377856,17.87194652138419,-1.0
1112,2021-04-22,643.533752,1233400,59.22139358633058,17.82250511356142,1.0
1113,2021-04-23,667.222778,1109600,69.94967163450748,19.480830128930396,-1.0
1114,2021-04-26,666.755371,801000,69.51666147956462,20.520593293348384,1.0
1115,2021-04-27,669.112366,678200,70.61734199983665,21.29042914816773,-1.0
1116,2021-04-28,661.683411,571300,62.13204671172805,21.055055801964272,-1.0
1117,2021-04-29,658.839111,504300,58.88140390554751,20.40255093183964,-1.0
1118,2021-04-30,644.538147,575200,44.754243081358375,18.511698638359235,1.0
1119,2021-05-03,652.732849,672000,50.96837076760162,17.324260748727966,-1.0
1120,2021-05-04,627.368774,1505800,33.04794525870189,14.16790101470076,1.0
1121,2021-05-05,640.215393,948200,44.836273045135634,12.56097682405607,1.0
1122,2021-05-06,642.669006,618200,46.97603138874896,11.355086670997707,1.0
1123,2021-05-07,656.862122,573700,58.22421286637629,11.416053341154338,-1.0
1124,2021-05-10,625.633301,882700,37.32068234708846,8.836058198500268,1.0
1125,2021-05-11,629.024475,891200,40.12195905766708,6.985220782477882,-1.0
1126,2021-05-12,600.319153,1107700,27.59472517593197,3.15969292909881,1.0
1127,2021-05-13,621.474121,1436100,43.26159504837674,1.8184441672877936,1.0
1128,2021-05-14,646.080139,1331000,56.42244335193472,2.7148610841904883,-1.0
1129,2021-05-17,633.702271,929400,49.49247431396467,2.396269220405543,-1.0
1130,2021-05-18,630.550537,644700,47.70223966209304,1.867274600968244,-1.0
1131,2021-05-19,629.144226,1049600,46.79590789307061,1.319064165785676,1.0
1132,2021-05-20,647.087524,1086900,58.78540282743723,2.3096214924569267,-1.0
1133,2021-05-21,637.562256,847500,51.40593543335809,2.297551426544601,1.0
1134,2021-05-24,657.24115,794000,62.93963927778113,3.8358183045158967,1.0
1135,2021-05-25,670.546509,1088800,68.92401038988106,6.06145695472685,-1.0
1136,2021-05-26,664.043457,597100,62.96117247709218,7.2160038977158365,-1.0
1137,2021-05-27,663.365234,652600,62.286769987216125,7.984085349941097,1.0
1138,2021-05-28,673.718262,610700,68.47269940249248,9.322901560659716,-1.0
1139,2021-06-01,670.0578,1292000,64.0175663512038,9.97282557121514,1.0
1140,2021-06-02,672.341858,596800,65.6891744588786,10.551056034513865,-1.0
1141,2021-06-03,664.163147,612100,54.75847117450596,10.229713633571237,1.0
1142,2021-06-04,681.527954,531000,68.22824627920909,11.250201466068347,-1.0
1143,2021-06-07,680.211365,594300,66.42879876759676,11.81622176257099,-1.0
1144,2021-06-08,678.9646,562800,64.4958452553985,12.02531206025742,1.0
1145,2021-06-09,680.819824,440700,66.24948571284355,12.200468469438988,1.0
1146,2021-06-10,698.124817,800100,78.26562075749547,13.582706186382438,-1.0
1147,2021-06-11,695.222412,445100,73.03237441818199,14.278732691835216,1.0
1148,2021-06-14,707.490479,636600,79.86219446767217,15.642527626969695,-1.0
1149,2021-06-15,699.960083,510700,67.30636259202561,15.930487264160888,-1.0
1150,2021-06-16,697.237122,590900,63.007990246545134,15.756771603679113,-1.0
1151,2021-06-17,697.0177,746700,62.62131391107157,15.42355769756182,-1.0
1152,2021-06-18,669.329712,1669900,32.45691627101607,12.77225189991941,1.0
1153,2021-06-21,678.884888,565500,43.68971796093573,11.313683165015275,1.0
1154,2021-06-22,684.031433,542200,49.155060897394016,10.453620877953426,-1.0
1155,2021-06-23,679.882263,523400,44.93570975078721,9.328803543327126,1.0
1156,2021-06-24,693.197632,469400,58.615661464020064,9.406180599749971,-1.0
1157,2021-06-25,684.43042,431200,48.997779056369424,8.6584158821355,1.0
1158,2021-06-28,702.283997,623900,63.59505368568899,9.40180620443607,-1.0
1159,2021-06-29,701.855103,400000,63.07466584863855,9.84279007285454,-1.0
1160,2021-06-30,689.048462,767500,48.7734739797134,9.051850914802344,-1.0
1161,2021-07-01,677.54834,997500,39.19678304303014,7.409239848923107,1.0
1162,2021-07-02,685.756958,449700,47.95059438078579,6.694380696466055,-1.0
1163,2021-07-06,684.091309,788700,46.32656008991494,5.92479860611968,1.0
1164,2021-07-07,688.390137,442900,51.42205745604325,5.598148106775739,-1.0
1165,2021-07-08,671.942871,849400,35.81260522816756,3.962987913765346,1.0
1166,2021-07-09,689.567078,583600,53.83307539623789,4.0462885384579295,1.0
1167,2021-07-12,705.974426,618500,64.8556538105866,5.377692759644901,-1.0
1168,2021-07-13,704.588013,623300,63.32264108605834,6.248647089524638,1.0
1169,2021-07-14,714.651855,852000,69.58502237901708,7.664711500803378,-1.0
1170,2021-07-15,702.114441,729400,55.43518562793059,7.684080854360104,-1.0
1171,2021-07-16,685.637268,578300,41.97425962175303,6.293852127325067,-1.0
1172,2021-07-19,682.226135,855300,39.58628955455124,4.860097618937857,1.0
1173,2021-07-20,682.276001,805600,39.64651378449721,3.685387601039793,1.0
1174,2021-07-21,719.130188,1281300,67.9691709063145,5.67061133515324,1.0
1175,2021-07-22,728.027039,946000,71.8024753085912,7.8729292996563345,1.0
1176,2021-07-23,746.199829,1069800,78.1979047871946,10.962121946493312,1.0
1177,2021-07-26,752.134399,691800,79.97752165573566,13.732149941063652,-1.0
1178,2021-07-27,743.666382,881200,70.17011519432813,15.068639031498265,1.0
1179,2021-07-28,757.889404,716500,76.08173671402645,17.08157406210671,1.0
1180,2021-07-29,763.724304,634000,78.20779996699136,18.93066771785845,1.0
1181,2021-07-30,764.751587,487800,78.60951087027297,20.245816402930476,1.0
1182,2021-08-02,767.654053,499900,79.86774249574653,21.277621459292504,1.0
1183,2021-08-03,777.508423,533700,83.75974472297385,22.63168426459856,1.0
1184,2021-08-04,793.417053,629700,88.18469930234298,24.70700951360345,-1.0
1185,2021-08-05,792.688965,723700,86.88455546018928,25.993183204264483,-1.0
1186,2021-08-06,781.248718,556900,67.98526280378866,25.78966709063104,1.0
1187,2021-08-09,786.634705,477100,71.48895462024946,25.76708416296242,1.0
1188,2021-08-10,787.243103,589500,71.90573112596581,25.504408773330734,-1.0
1189,2021-08-11,787.173279,421300,71.76125912233712,25.0023758296212,-1.0
1190,2021-08-12,779.044434,764600,56.0335972763512,23.673978237488427,1.0
1191,2021-08-13,786.914001,454700,64.95615306452626,22.99282487342441,-1.0
1192,2021-08-16,785.308105,426000,61.880995779358095,22.06869449561441,-1.0
1193,2021-08-17,774.546143,483600,44.81777955674058,20.23242664410384,-1.0
1194,2021-08-18,770.446777,452500,39.80127086286471,18.235324154811,1.0
1195,2021-08-19,779.483276,514000,53.553503216157175,17.185567638643533,1.0
1196,2021-08-20,786.135986,507700,61.35319357110888,16.699340320977853,1.0
1197,2021-08-23,809.515198,724300,77.3753384239576,17.997944829120456,-1.0
1198,2021-08-24,803.520752,453800,68.62208061598776,18.33083423203425,1.0
1199,2021-08-25,805.774902,471100,70.14608047995814,18.563032319991976,1.0
1200,2021-08-26,808.836975,450000,72.33627035974061,18.7783102143178,1.0
1201,2021-08-27,830.759949,658900,83.0315444419181,20.48636619176034,1.0
1202,2021-08-30,837.412659,491000,85.12566372039949,22.12320710637482,-1.0
1203,2021-08-31,830.879639,579300,74.31760053326067,22.631004972737852,1.0
1204,2021-09-01,839.985962,581900,78.81638469476955,23.49926860054109,1.0
1205,2021-09-02,859.046448,746800,85.28893710886939,25.43618230778793,-1.0
1206,2021-09-03,855.884644,698000,80.39891856615264,26.410955265798748,1.0
1207,2021-09-07,859.535156,780900,81.84137270116014,27.165655329587366,-1.0
1208,2021-09-08,855.764954,714900,75.00099245038041,27.145823580936398,-1.0
1209,2021-09-09,851.28656,641900,67.01694122766605,26.46275593078599,1.0
1210,2021-09-10,856.642639,1137400,71.38824122646264,26.054394769775968,1.0
1211,2021-09-13,868.980591,636000,79.05971960870956,26.424317737420324,1.0
1212,2021-09-14,885.766968,978300,85.43542870287493,27.75557705694314,1.0
1213,2021-09-15,887.023682,799700,85.82321671933322,28.582797241105595,-1.0
1214,2021-09-16,885.008911,811400,81.64135570516173,28.744033223100477,-1.0
1215,2021-09-17,857.620117,1670500,45.48615827927169,26.352247314713622,-1.0
1216,2021-09-20,838.559692,1122600,33.20571384055347,22.653587137889645,1.0
1217,2021-09-21,852.513367,905700,46.0107402946678,20.61362651914851,1.0
1218,2021-09-22,862.497437,669400,53.64151686807382,19.57897296863439,1.0
1219,2021-09-23,877.498474,744500,63.05607767510476,19.74499995932979,-1.0
1220,2021-09-24,866.566833,510400,53.5467897715209,18.775760092104637,-1.0
1221,2021-09-27,833.143738,1063900,34.47278804648073,15.129252240664757,-1.0
1222,2021-09-28,778.146729,2390100,20.23802796921328,7.701254838645923,-1.0
1223,2021-09-29,748.473877,2216000,15.968815401798864,-0.5793842066809702,-1.0
1224,2021-09-30,743.177673,1078800,15.27849790693226,-7.484051285422311,-1.0
1225,2021-10-01,739.88623,1180400,14.801324878073132,-13.071649227052376,-1.0
1226,2021-10-04,711.091125,1663500,11.146608258043216,-19.60345186249424,1.0
1227,2021-10-05,730.969421,1201500,26.2350629088878,-22.90770289752697,-1.0
1228,2021-10-06,730.600403,973000,26.136188713184268,-25.26496239337848,1.0
1229,2021-10-07,744.88324,1267500,37.13915300199791,-25.68156158365105,-1.0
1230,2021-10-08,728.37616,1039200,30.780206244605765,-27.035516475361533,-1.0
1231,2021-10-11,720.017883,702500,27.87972811723164,-28.45670071843529,1.0
1232,2021-10-12,723.169678,868400,30.829180117605247,-28.993793652827208,1.0
1233,2021-10-13,742.489441,1170000,46.825349790096986,-27.538994571193257,1.0
1234,2021-10-14,776.271606,1370500,64.19803128102365,-23.38348008192236,1.0
1235,2021-10-15,787.352844,876200,68.27756645959577,-18.97498523042032,-1.0
1236,2021-10-18,786.175842,1014600,67.30013433835376,-15.39893240681704,1.0
1237,2021-10-19,798.882874,956600,72.41597600385131,-11.405394845226851,-1.0
1238,2021-10-20,765.709106,1894900,48.59736973310597,-10.79979903662786,1.0
1239,2021-10-21,785.517578,1083100,58.40128740989862,-8.617982365655735,1.0
1240,2021-10-22,798.892761,1294600,63.96948896065066,-5.740629778818288,-1.0
1241,2021-10-25,786.395325,786000,55.62151292679364,-4.420415110739782,1.0
1242,2021-10-26,789.17804,741400,57.11680980559375,-3.113121440755208,1.0
1243,2021-10-27,798.922729,949800,62.43554047564547,-1.274036526200348,1.0
1244,2021-10-28,811.081116,687500,68.31873258822641,1.153782714846443,-1.0
1245,2021-10-29,810.771912,583400,67.99376508307355,3.018042670482941,-1.0
1246,2021-11-01,805.356018,573600,61.81350786851564,4.011089716403603,1.0
1247,2021-11-02,812.02002,503800,65.02423649501824,5.107966647350963,1.0
1248,2021-11-03,830.02002,566900,74.97087432027233,7.3450301499754,1.0
1249,2021-11-04,850.48999,1058200,81.96868801567301,10.646943262857915,-1.0
1250,2021-11-05,847.0,733000,77.53367123176187,12.834175778502528,1.0
1251,2021-11-08,849.929993,728100,78.69499311328835,14.635292709238342,1.0
1252,2021-11-09,850.049988,676500,78.74897873637536,15.889212495892023,-1.0
1253,2021-11-10,817.849976,737700,43.36485399727839,14.121892710553311,1.0
1254,2021-11-11,833.390015,416000,55.0593218751,13.81596843758939,1.0
1255,2021-11-12,851.630005,531200,65.18482768952292,14.873879181705092,1.0
1256,2021-11-15,856.719971,638000,67.6272890768307,15.93926090793002,1.0
1257,2021-11-16,860.549988,690000,69.55583627894795,16.897846113286505,
